temp,clouds_all,hour,is_weekend,traffic_volume
288.28,40,9,0,5545
289.36,75,10,0,4516
289.58,90,11,0,4767
290.13,90,12,0,5026
291.14,75,13,0,4918
291.72,1,14,0,5181
293.17,1,15,0,5584
293.86,1,16,0,6015
294.14,20,17,0,5791
293.1,20,18,0,4770
290.97,20,19,0,3539
289.38,1,20,0,2784
288.61,1,21,0,2361
287.16,1,22,0,1529
285.45,1,23,0,963
284.63,1,0,0,506
283.47,1,1,0,321
281.18,1,2,0,273
281.09,1,3,0,367
279.53,1,4,0,814
278.62,1,5,0,2718
278.23,1,6,0,5673
278.12,1,8,0,6511
282.48,1,9,0,5471
291.97,1,12,0,5097
293.23,1,13,0,4887
294.31,1,14,0,5337
295.17,1,15,0,5692
295.13,1,16,0,6137
293.66,20,18,0,4623
290.65,20,19,0,3591
288.19,20,20,0,2898
287.1,1,21,0,2637
286.25,1,22,0,1777
285.26,1,23,0,1015
284.55,1,0,0,598
283.47,1,1,0,369
283.17,1,2,0,312
282.04,1,3,0,367
281.69,1,4,0,835
281.32,1,5,0,2726
280.74,1,6,0,5689
280.57,1,7,0,6990
281.86,1,8,0,5985
284.98,1,9,0,5309
289.18,1,10,0,4603
291.55,1,11,0,4884
294.97,1,12,0,5104
296.38,1,13,0,5178
297.32,1,14,0,5501
298.17,1,15,0,5713
298.06,20,16,0,6292
297.67,20,17,0,6057
296.36,40,18,0,4907
293.85,40,19,0,3503
292.43,40,20,0,3037
291.77,75,21,0,2822
291.36,75,22,0,1992
291.12,75,23,0,1166
290.63,75,0,0,627
290.46,40,1,0,388
289.26,0,3,0,368
283.21,75,5,0,2489
282.24,90,6,0,5537
281.69,90,7,0,6628
280.57,90,8,0,5534
280.02,75,9,0,5403
280.11,75,10,0,4770
280.0,90,11,0,5217
280.53,90,12,0,5870
281.43,75,13,0,5967
281.78,90,14,0,6108
281.91,90,15,0,6128
281.73,90,16,0,6069
281.42,90,17,0,6169
280.87,90,18,0,5384
280.15,90,19,0,4063
279.78,90,20,0,3364
279.65,75,21,0,2971
279.22,40,22,0,2450
279.06,40,23,0,1832
278.81,90,0,1,1231
278.55,90,1,1,718
278.59,90,2,1,545
276.99,75,4,1,411
276.35,20,5,1,688
275.4,1,6,1,1352
275.17,1,7,1,2072
274.99,1,8,1,3342
275.09,40,9,1,4258
276.88,20,10,1,4861
278.04,20,11,1,5191
279.08,40,12,1,5669
280.12,75,13,1,5074
280.25,75,14,1,5025
280.0,75,15,1,5153
279.06,90,16,1,5024
278.91,90,17,1,4779
278.39,90,18,1,4362
278.16,90,19,1,3860
278.16,90,20,1,3160
277.93,90,21,1,2992
276.9,90,22,1,3202
276.34,75,23,1,1941
276.11,75,0,1,1233
275.73,90,3,1,323
275.65,90,4,1,312
275.51,75,5,1,627
275.05,90,6,1,1508
274.77,90,7,1,1539
274.77,75,8,1,2232
275.55,75,9,1,4568
276.24,75,10,1,4624
277.01,90,11,1,4529
277.43,90,12,1,5139
278.45,90,13,1,6640
279.27,90,14,1,6589
279.27,90,15,1,4429
279.44,90,16,1,4329
279.32,90,17,1,3833
279.27,90,18,1,4015
278.11,90,19,1,3382
276.79,75,20,1,2815
275.73,90,21,1,2110
274.88,75,22,1,1555
273.92,20,23,1,959
273.08,20,0,0,455
272.62,20,1,0,336
271.78,1,2,0,265
271.05,1,3,0,314
270.63,1,4,0,779
270.33,1,5,0,2571
269.61,20,6,0,5563
270.01,20,7,0,6676
271.23,20,8,0,5966
273.71,20,9,0,4832
276.77,20,10,0,4395
279.47,20,11,0,4411
279.84,1,12,0,4648
282.34,40,13,0,4602
282.94,40,14,0,5125
283.48,1,15,0,5502
284.33,1,16,0,5979
284.48,40,17,0,5663
284.23,40,18,0,4259
281.99,20,19,0,3069
279.81,1,20,0,2378
279.35,1,21,0,2030
278.9,1,22,0,1400
278.46,1,23,0,917
277.78,1,0,0,515
277.27,1,1,0,302
277.47,1,2,0,251
276.97,20,4,0,798
276.52,40,5,0,2678
276.6,40,6,0,5733
277.31,75,7,0,6449
278.38,90,8,0,5765
279.35,90,9,0,5599
281.37,90,10,0,4534
283.11,90,11,0,4691
284.08,75,12,0,5067
285.14,75,13,0,5030
286.35,90,14,0,5300
287.23,100,15,0,5777
288.53,90,16,0,6349
290.37,90,17,0,6127
290.13,90,18,0,4460
288.86,75,19,0,3418
287.36,90,20,0,2775
285.11,90,21,0,2306
283.46,90,22,0,1846
282.45,90,23,0,947
281.88,90,0,0,494
281.78,90,1,0,332
281.09,75,2,0,261
281.17,90,3,0,361
281.25,92,6,0,5875
281.25,99,7,0,6793
281.25,99,7,0,6793
280.1,99,8,0,6283
280.1,99,8,0,6283
279.61,99,9,0,5680
279.61,99,9,0,5680
279.67,99,10,0,4632
280.19,1,11,0,4887
282.09,75,12,0,5030
282.26,75,13,0,5067
282.05,90,14,0,5227
281.59,90,15,0,5610
281.23,81,16,0,6286
282.6,81,18,0,4775
282.6,81,19,0,3340
282.6,81,20,0,3013
282.6,81,21,0,2603
282.6,81,22,0,1910
282.6,81,23,0,1037
273.9,1,1,0,347
274.4,75,3,0,350
274.05,75,4,0,850
273.71,40,5,0,2791
272.66,1,6,0,5809
272.65,1,7,0,6798
272.52,1,8,0,6304
275.19,20,9,0,5291
275.34,1,10,0,4638
284.1,50,14,0,5557
284.1,50,15,0,5818
283.78,75,16,0,6272
283.52,75,17,0,5944
283.32,90,18,0,4949
282.06,90,19,0,3511
281.95,90,20,0,3039
281.81,90,21,0,2679
282.16,90,22,0,2094
282.53,90,23,0,1284
283.91,90,0,0,630
284.64,90,1,0,410
284.61,90,2,0,331
283.18,72,3,0,372
282.26,72,4,0,739
280.77,72,5,0,2561
278.53,75,6,0,5586
277.64,75,7,0,6992
277.9,90,8,0,5860
278.18,90,9,0,5230
279.29,75,10,0,4864
280.45,75,11,0,5146
280.95,40,12,0,5526
281.74,40,13,0,5383
281.84,75,14,0,5758
282.45,75,15,0,5889
282.2,75,16,0,6057
281.54,40,17,0,6028
280.21,20,18,0,5257
282.2,56,23,0,1897
272.58,1,0,1,1335
272.06,1,1,1,769
270.99,1,2,1,570
270.29,20,3,1,413
269.48,1,4,1,399
269.27,1,5,1,740
268.91,1,6,1,1420
268.98,75,7,1,2220
269.23,40,8,1,3479
272.61,40,9,1,4546
276.78,20,10,1,4579
279.22,1,11,1,4438
280.35,1,12,1,4623
281.81,1,13,1,4440
283.05,1,14,1,4495
283.96,1,15,1,4483
284.53,1,16,1,4591
284.44,1,17,1,4477
283.64,1,18,1,4221
281.85,20,19,1,3672
281.38,1,20,1,3015
281.84,75,21,1,2769
282.23,90,22,1,2875
282.18,90,23,1,1931
282.49,90,0,1,1309
282.54,90,1,1,870
282.58,90,2,1,654
282.23,90,3,1,364
282.08,90,4,1,262
282.23,90,5,1,505
282.24,90,6,1,861
282.24,90,7,1,1132
282.24,57,8,1,1797
282.43,57,9,1,2685
282.43,57,9,1,2685
282.43,57,9,1,2685
282.33,57,10,1,3370
282.33,57,10,1,3370
282.82,57,11,1,3662
282.82,57,11,1,3662
283.33,57,12,1,4076
283.33,57,12,1,4076
283.33,57,12,1,4076
283.75,93,13,1,4128
283.75,93,13,1,4128
283.75,93,13,1,4128
284.09,93,14,1,4358
284.09,93,14,1,4358
284.09,93,14,1,4358
284.55,93,15,1,4342
284.55,93,15,1,4342
284.68,93,16,1,4234
284.64,93,17,1,4271
284.64,93,17,1,4271
284.4,93,18,1,4080
284.17,93,19,1,3453
284.03,93,20,1,2718
283.58,93,21,1,2439
283.04,93,22,1,1819
281.95,93,23,1,1002
281.95,93,23,1,1002
281.61,93,0,0,542
281.61,93,0,0,542
281.57,85,1,0,303
281.42,85,2,0,239
281.29,85,3,0,335
281.29,85,3,0,335
281.02,85,4,0,810
281.02,85,4,0,810
280.82,85,5,0,2606
280.82,85,5,0,2606
280.39,85,6,0,5714
280.19,100,7,0,6798
279.82,100,8,0,6114
279.75,100,9,0,5094
280.07,100,10,0,4473
280.32,90,11,0,4529
281.72,100,12,0,4823
284.01,40,13,0,4872
285.88,1,14,0,5238
286.87,1,15,0,5584
287.6,20,16,0,6246
287.27,20,17,0,5957
286.18,20,18,0,4535
285.2,75,19,0,3234
284.68,75,20,0,2677
284.49,90,21,0,2077
283.54,20,22,0,1380
282.33,75,23,0,927
281.21,20,0,0,500
279.87,1,1,0,324
278.93,1,2,0,257
277.91,1,3,0,354
277.21,1,4,0,769
276.61,1,5,0,2769
276.11,1,6,0,5789
274.81,20,7,0,7055
274.99,20,8,0,6408
277.91,20,9,0,5254
280.71,20,10,0,4547
283.85,20,11,0,4784
286.01,40,12,0,5015
286.31,1,13,0,5057
288.15,75,14,0,5430
289.15,75,15,0,5813
288.99,75,16,0,6496
288.86,75,17,0,6429
288.16,90,18,0,5142
287.28,68,19,0,3311
287.04,90,20,0,2777
286.9,90,21,0,2331
287.09,90,22,0,1767
287.09,90,23,0,1093
286.89,75,0,0,554
286.93,75,1,0,333
286.93,90,2,0,267
287.07,90,3,0,358
286.56,75,4,0,777
285.91,90,5,0,2732
285.29,90,6,0,5637
284.92,75,7,0,5564
285.35,75,8,0,6274
285.72,100,9,0,5403
285.72,100,9,0,5403
287.09,75,10,0,4680
288.31,75,11,0,4642
288.61,1,12,0,4979
290.32,1,13,0,4851
291.36,1,14,0,4291
292.01,1,15,0,4714
292.61,1,16,0,6723
292.65,1,17,0,6180
290.52,40,18,0,4843
288.35,40,19,0,3435
286.72,40,20,0,2921
285.49,40,21,0,2763
284.22,20,22,0,1930
283.8,20,23,0,1160
283.72,20,0,0,654
282.8,40,1,0,374
282.32,99,2,0,301
282.38,99,3,0,397
282.76,90,4,0,794
282.88,99,5,0,2564
284.18,75,6,0,5358
284.69,90,7,0,6441
285.0,90,8,0,5536
286.9,99,9,0,5256
288.35,90,10,0,4619
289.59,90,11,0,5107
288.27,99,12,0,5147
286.41,90,13,0,5283
285.96,90,14,0,5704
287.04,90,15,0,5887
287.18,90,16,0,6307
286.94,90,17,0,5953
286.01,90,18,0,4519
284.67,100,19,0,3427
283.44,100,20,0,2921
282.51,100,21,0,2649
281.9,90,22,0,2005
281.85,90,23,0,1177
281.28,90,0,0,699
280.97,87,1,0,436
280.44,87,2,0,353
280.44,87,2,0,353
280.02,87,3,0,399
279.79,87,4,0,720
279.79,87,4,0,720
279.79,87,4,0,720
279.79,87,4,0,720
279.74,87,5,0,2370
279.74,87,5,0,2370
279.65,87,6,0,5162
279.65,87,6,0,5162
279.65,87,6,0,5162
279.45,91,7,0,5777
279.45,91,7,0,5777
279.22,91,8,0,5235
279.22,91,8,0,5235
279.22,91,8,0,5235
279.35,91,9,0,4606
279.35,91,9,0,4606
279.92,91,10,0,4328
280.44,90,11,0,4282
281.0,90,12,0,4489
281.51,90,13,0,4908
281.93,92,14,0,5620
281.94,92,15,0,5849
281.94,92,15,0,5849
282.27,92,16,0,4945
282.41,92,17,0,4619
282.21,90,18,0,4479
281.69,75,19,0,3804
281.26,90,20,0,2908
280.66,92,21,0,2942
280.43,92,22,0,3077
280.43,92,22,0,3077
280.1,92,23,0,2051
280.1,92,23,0,2051
280.1,92,23,0,2051
280.06,92,0,1,1270
280.06,92,0,1,1270
280.28,96,1,1,773
280.28,96,1,1,773
280.38,96,2,1,589
280.62,96,3,1,432
280.62,96,3,1,432
280.91,96,4,1,401
280.91,96,4,1,401
280.91,96,4,1,401
280.96,96,5,1,759
280.96,96,5,1,759
280.96,96,5,1,759
281.13,96,6,1,1313
281.13,96,6,1,1313
281.13,96,6,1,1313
281.28,100,7,1,1824
281.28,100,7,1,1824
281.28,100,7,1,1824
281.19,100,8,1,2787
281.19,100,8,1,2787
281.19,100,8,1,2787
281.7,100,9,1,3713
281.7,100,9,1,3713
281.7,100,9,1,3713
281.7,100,9,1,3713
282.02,100,10,1,3815
282.02,100,10,1,3815
282.02,100,10,1,3815
282.02,100,10,1,3815
282.35,100,11,1,4339
282.35,100,11,1,4339
282.35,100,11,1,4339
282.71,100,12,1,4613
282.71,100,12,1,4613
282.71,100,12,1,4613
282.71,100,12,1,4613
283.31,48,13,1,4507
283.79,90,14,1,4452
284.2,75,15,1,4636
284.32,90,16,1,4810
284.13,75,17,1,5125
283.14,40,18,1,4337
281.4,40,19,1,3644
280.47,20,20,1,3107
279.52,20,21,1,2929
278.85,48,22,1,2865
278.12,48,23,1,2340
277.94,48,0,1,1372
275.93,60,8,1,1928
275.93,60,8,1,1928
284.09,75,17,1,4695
282.6,75,18,1,4335
281.72,90,22,1,1583
281.26,90,23,1,959
281.29,75,0,0,498
281.01,75,1,0,306
280.57,40,2,0,259
280.54,75,3,0,324
279.37,8,4,0,806
279.18,8,5,0,2622
279.05,8,6,0,5456
282.7,38,10,0,4324
286.17,40,11,0,4378
288.61,75,12,0,4639
290.59,20,13,0,4546
292.21,75,14,0,5006
293.56,75,15,0,5361
293.43,40,16,0,6101
293.4,40,17,0,5781
291.47,20,18,0,4272
289.17,20,19,0,3091
287.28,1,20,0,2434
286.1,1,21,0,1984
285.45,75,22,0,1383
285.33,90,23,0,959
285.07,90,0,0,511
284.58,90,1,0,346
283.88,75,2,0,253
283.55,75,3,0,349
282.85,20,4,0,807
282.42,20,5,0,2669
282.13,75,6,0,5210
281.85,40,7,0,6083
281.85,20,8,0,5790
283.07,75,9,0,5484
284.53,90,10,0,4407
285.6,75,11,0,4725
286.63,90,12,0,4826
286.75,99,13,0,4945
287.97,90,14,0,5065
288.54,99,15,0,5618
288.72,90,16,0,6094
288.53,90,17,0,5844
288.16,90,18,0,4649
287.59,90,19,0,3180
287.21,90,20,0,2963
286.29,90,21,0,2450
285.7,90,22,0,1613
285.61,90,23,0,1021
285.37,99,0,0,580
285.37,99,0,0,580
285.51,90,1,0,298
285.6,100,2,0,261
285.99,100,3,0,408
285.99,100,3,0,408
285.94,100,4,0,793
285.94,100,4,0,793
285.97,90,5,0,2643
285.97,90,5,0,2643
285.97,90,5,0,2643
285.73,90,6,0,5593
285.73,90,6,0,5593
285.73,90,6,0,5593
285.73,90,6,0,5593
285.5,90,7,0,5722
285.5,90,7,0,5722
285.55,90,8,0,5607
285.55,90,8,0,5607
285.55,90,8,0,5607
285.55,90,8,0,5607
285.93,90,9,0,5492
285.93,90,9,0,5492
285.93,90,9,0,5492
286.34,90,10,0,4542
286.82,90,11,0,4720
286.82,90,11,0,4720
288.36,90,12,0,4982
288.36,90,12,0,4982
288.36,90,12,0,4982
289.08,90,13,0,5032
289.08,90,13,0,5032
289.08,90,13,0,5032
289.88,90,14,0,5212
289.88,90,14,0,5212
290.24,90,15,0,5661
290.24,90,15,0,5661
290.24,90,15,0,5661
290.01,90,16,0,5812
289.62,90,17,0,5855
289.62,90,17,0,5855
289.61,90,18,0,4416
289.61,90,18,0,4416
289.06,90,19,0,3118
288.34,75,20,0,2877
288.34,75,20,0,2877
287.06,20,21,0,2498
287.41,75,22,0,1701
287.52,90,23,0,1028
287.81,90,0,0,578
287.29,75,1,0,354
287.23,90,2,0,272
286.44,90,3,0,370
285.32,90,4,0,809
285.32,90,4,0,809
285.43,90,5,0,2641
285.53,75,6,0,4957
285.2,90,7,0,6036
285.2,90,7,0,6036
285.02,90,8,0,5309
286.43,90,10,0,4438
287.36,90,11,0,4723
287.6,90,12,0,4879
287.29,90,13,0,5062
286.41,90,14,0,5450
286.41,90,14,0,5450
286.41,90,14,0,5450
286.41,90,14,0,5450
285.8,90,15,0,5888
285.8,90,15,0,5888
285.8,90,15,0,5888
285.8,90,15,0,5888
285.8,90,15,0,5888
285.29,90,16,0,6473
285.29,90,16,0,6473
285.29,90,16,0,6473
284.77,90,17,0,6488
284.77,90,17,0,6488
284.77,90,17,0,6488
284.29,90,18,0,5351
284.29,90,18,0,5351
284.29,90,18,0,5351
284.29,90,18,0,5351
283.79,90,19,0,3500
283.79,90,19,0,3500
283.79,90,19,0,3500
283.44,90,20,0,2856
283.44,90,20,0,2856
283.44,90,20,0,2856
283.22,90,21,0,2587
283.22,90,21,0,2587
283.22,90,21,0,2587
282.82,90,22,0,1979
282.13,90,23,0,1284
281.05,90,0,0,665
281.05,90,0,0,665
281.05,90,0,0,665
280.44,90,1,0,432
280.44,90,1,0,432
280.07,90,2,0,326
280.07,90,2,0,326
280.07,90,2,0,326
279.54,90,3,0,380
279.54,90,3,0,380
279.54,90,3,0,380
279.54,90,3,0,380
278.93,90,4,0,705
278.93,90,4,0,705
278.93,90,4,0,705
278.93,90,4,0,705
278.93,90,4,0,705
278.27,90,5,0,2430
278.27,90,5,0,2430
278.27,90,5,0,2430
278.27,90,5,0,2430
278.07,90,6,0,5426
278.07,90,6,0,5426
278.07,90,6,0,5426
277.53,90,7,0,6499
277.53,90,7,0,6499
276.23,90,8,0,5856
276.23,90,8,0,5856
276.23,90,8,0,5856
275.66,90,9,0,5234
275.66,90,9,0,5234
275.66,90,9,0,5234
275.02,90,10,0,4695
275.02,90,10,0,4695
275.02,90,10,0,4695
275.02,90,10,0,4695
275.03,90,11,0,5341
275.03,90,11,0,5341
275.03,90,11,0,5341
275.03,90,11,0,5341
274.5,90,12,0,5943
274.5,90,12,0,5943
275.01,90,13,0,5874
275.38,90,14,0,5879
275.38,90,14,0,5879
275.85,90,15,0,6060
276.56,90,16,0,6348
276.7,90,17,0,5955
276.71,90,18,0,5341
276.43,90,19,0,4144
276.23,90,20,0,3249
275.99,75,21,0,3017
276.28,90,22,0,2765
276.28,90,23,0,1894
276.01,90,0,1,1159
275.36,90,1,1,822
274.93,20,2,1,641
274.28,20,3,1,411
274.01,1,4,1,468
273.71,1,5,1,723
273.43,1,6,1,1415
273.65,20,7,1,2191
274.58,75,8,1,3185
275.39,90,9,1,4076
275.44,0,10,1,4522
276.11,90,11,1,6012
276.48,90,12,1,5975
276.5,90,13,1,5307
276.56,90,14,1,4678
276.61,90,15,1,4405
276.9,90,16,1,4403
276.61,90,17,1,4311
276.34,90,18,1,4198
275.96,90,19,1,3475
275.6,90,20,1,3078
274.86,90,21,1,2931
274.05,20,22,1,2941
273.62,20,23,1,2240
273.52,20,0,1,1564
273.54,90,1,1,795
273.63,90,2,1,447
273.63,90,3,1,443
273.22,90,4,1,330
272.75,75,5,1,453
272.16,75,6,1,755
271.06,20,7,1,953
270.68,1,8,1,1650
272.6,1,9,1,2442
274.06,1,10,1,3230
275.81,1,11,1,3575
277.54,20,12,1,4139
278.54,40,13,1,3892
278.97,40,14,1,3989
278.91,75,15,1,4294
278.81,75,16,1,4521
278.27,75,17,1,4280
276.67,75,18,1,3945
275.86,75,19,1,3169
274.29,75,20,1,2772
273.37,75,21,1,2213
272.77,75,22,1,1570
272.01,75,23,1,1065
271.78,40,0,0,530
271.41,75,1,0,331
271.46,75,2,0,270
271.76,75,3,0,316
272.24,90,4,0,799
271.98,90,5,0,2513
271.53,40,6,0,5503
271.46,40,7,0,6642
271.7,40,8,0,6195
273.26,75,9,0,5246
274.9,90,10,0,4460
276.33,90,11,0,4580
277.58,90,12,0,4771
278.5,90,13,0,4836
279.3,90,14,0,5138
279.89,90,15,0,5606
280.11,40,16,0,6120
279.82,40,17,0,5985
278.69,40,18,0,4418
277.75,40,19,0,3089
276.77,40,20,0,2636
276.61,75,21,0,2117
276.06,75,22,0,1437
275.22,20,23,0,920
274.75,20,0,0,600
274.24,20,1,0,393
273.47,20,2,0,298
273.5,1,3,0,352
273.15,75,4,0,762
273.0,20,5,0,2519
272.69,20,6,0,5478
273.08,40,7,0,6728
273.91,75,8,0,5972
274.82,75,9,0,5280
276.16,75,10,0,4626
277.69,90,11,0,4947
278.47,90,12,0,5125
279.12,90,13,0,5130
279.28,90,14,0,5394
280.19,90,15,0,5837
280.5,90,16,0,6222
280.3,90,17,0,5992
279.58,75,18,0,4578
278.78,75,19,0,3246
278.5,90,20,0,2834
276.93,75,21,0,2578
276.03,40,22,0,1979
275.01,40,23,0,1326
273.87,40,0,0,541
272.99,1,1,0,346
272.41,1,2,0,265
272.31,1,3,0,338
272.39,1,4,0,765
271.73,1,5,0,2611
271.54,1,6,0,5577
271.12,1,7,0,6908
271.17,20,8,0,6079
273.11,20,9,0,5309
276.01,20,10,0,4567
278.27,20,11,0,4804
279.84,20,12,0,5041
280.68,40,13,0,5051
281.22,20,14,0,5274
281.8,20,15,0,5936
282.2,40,16,0,6128
281.48,20,17,0,5821
280.0,20,18,0,4040
278.48,20,19,0,2711
276.86,20,20,0,2690
275.45,1,21,0,2539
274.05,1,22,0,1925
272.75,1,23,0,1471
271.73,1,0,0,716
270.91,1,1,0,453
270.15,1,2,0,324
269.68,1,3,0,390
269.44,1,4,0,775
268.96,1,5,0,2572
268.61,1,6,0,5595
268.74,1,7,0,6852
268.45,20,8,0,5892
270.9,1,9,0,5327
273.45,1,10,0,4756
275.9,20,11,0,5073
278.7,20,12,0,5286
280.25,20,13,0,5189
281.67,1,14,0,5495
283.03,1,15,0,5713
283.13,1,16,0,6317
283.04,20,17,0,6306
281.3,20,18,0,4867
279.84,40,19,0,3501
278.88,40,20,0,3110
278.51,90,21,0,2727
279.26,90,22,0,1825
279.21,90,23,0,1222
278.85,90,0,0,611
277.59,75,1,0,441
277.01,40,2,0,331
277.15,75,3,0,365
277.9,75,4,0,708
278.31,90,5,0,2379
278.63,90,6,0,5236
278.22,90,7,0,6509
277.58,75,8,0,5723
278.02,40,9,0,5239
278.37,90,10,0,4723
278.78,90,11,0,5330
278.78,75,12,0,5403
279.59,75,13,0,5446
279.64,1,14,0,5669
280.0,40,15,0,6093
279.76,40,16,0,6323
278.9,40,17,0,5856
277.06,40,18,0,4987
275.29,40,19,0,3681
274.98,20,20,0,2902
273.31,20,21,0,2929
272.77,1,22,0,2728
272.06,1,23,0,1693
272.01,20,0,1,1166
271.8,75,1,1,724
271.3,75,2,1,568
270.41,20,3,1,343
269.9,20,4,1,383
269.56,1,5,1,703
269.39,20,6,1,1229
269.24,20,7,1,2057
268.99,40,8,1,3246
271.47,75,9,1,4390
272.85,75,10,1,4573
273.93,75,11,1,4269
274.85,75,12,1,4833
275.43,75,13,1,4442
275.73,40,14,1,4397
275.9,40,15,1,4314
276.29,75,16,1,4413
276.41,75,17,1,4125
276.29,75,18,1,4004
276.13,90,19,1,3404
275.93,90,20,1,2777
275.93,90,21,1,2579
275.67,90,22,1,2552
275.58,90,23,1,1952
275.67,90,0,1,2125
275.6,90,1,1,730
275.77,90,1,1,730
275.42,90,2,1,345
275.47,90,3,1,223
275.33,90,5,1,488
275.08,90,6,1,710
275.08,90,7,1,1165
275.09,90,8,1,2067
275.09,90,8,1,2067
275.44,90,9,1,2911
276.1,90,10,1,3527
276.45,90,11,1,3765
276.76,90,12,1,4063
277.11,90,13,1,4043
278.13,90,14,1,4200
278.44,90,15,1,4105
278.44,90,16,1,4015
278.09,90,17,1,3620
277.72,90,18,1,3652
277.41,90,19,1,2837
277.2,90,20,1,2446
277.06,90,21,1,1950
276.7,90,22,1,1451
276.54,90,23,1,999
276.07,90,0,0,1720
275.67,75,1,0,1299
274.97,40,2,0,304
274.86,20,3,0,412
273.45,75,4,0,753
272.66,20,5,0,2562
272.18,20,6,0,5658
272.32,1,7,0,6877
272.69,90,8,0,5981
274.26,90,9,0,4999
275.99,90,10,0,4408
277.35,90,11,0,4575
277.83,90,12,0,4710
278.47,90,13,0,4648
278.71,46,14,0,4968
280.56,46,16,0,6124
280.56,46,17,0,6134
279.26,46,18,0,4265
280.56,46,20,0,2415
280.56,46,21,0,1963
280.56,46,22,0,1454
280.56,46,23,0,938
280.56,46,0,0,537
274.41,98,1,0,313
274.41,98,2,0,256
274.41,98,3,0,356
274.41,98,4,0,788
274.41,98,5,0,2565
274.41,98,6,0,5330
274.91,99,7,0,6181
274.91,99,8,0,6182
274.91,99,9,0,5720
274.91,99,10,0,4612
277.12,90,12,0,4666
278.04,90,13,0,5022
278.19,90,14,0,5490
278.38,90,15,0,5973
278.59,90,16,0,6201
278.65,90,17,0,5453
278.74,90,18,0,3921
278.74,90,18,0,3921
278.87,90,19,0,2835
278.87,90,19,0,2835
279.02,90,20,0,2450
279.02,90,20,0,2450
278.84,90,21,0,2078
278.84,90,21,0,2078
278.84,90,21,0,2078
278.56,90,22,0,1671
278.56,90,22,0,1671
278.56,90,22,0,1671
278.5,90,23,0,1472
278.5,90,23,0,1472
278.03,90,0,0,792
278.03,90,0,0,792
278.03,90,0,0,792
277.28,90,1,0,811
277.28,90,1,0,811
277.06,90,2,0,671
277.06,90,2,0,671
277.06,90,2,0,671
277.06,90,2,0,671
276.83,90,3,0,474
276.83,90,3,0,474
276.83,90,3,0,474
277.15,90,4,0,790
277.15,90,4,0,790
277.57,90,5,0,2619
277.57,90,5,0,2619
277.51,90,6,0,5788
277.51,90,6,0,5788
277.51,90,6,0,5788
277.41,90,7,0,7088
277.41,90,7,0,7088
277.68,90,8,0,6264
277.68,90,8,0,6264
278.15,90,9,0,5230
278.42,90,10,0,4567
278.61,90,11,0,4769
279.14,90,12,0,5011
278.99,90,13,0,4889
278.83,90,14,0,5367
278.57,90,15,0,5678
278.57,90,15,0,5678
278.21,90,16,0,6267
278.21,90,16,0,6267
278.21,90,16,0,6267
278.21,90,16,0,6267
277.96,90,17,0,6057
277.96,90,17,0,6057
277.51,90,18,0,4883
277.18,90,19,0,2927
277.08,90,20,0,2594
276.98,90,21,0,2347
276.93,90,22,0,1544
276.76,90,23,0,1219
276.79,90,0,0,783
276.64,90,1,0,357
276.41,90,2,0,286
276.32,90,3,0,396
276.32,90,4,0,791
276.29,90,5,0,2681
276.29,90,6,0,5614
276.38,90,7,0,6834
276.94,90,8,0,6280
277.39,90,9,0,5460
278.31,90,10,0,4670
278.71,90,11,0,5071
279.86,90,12,0,5246
279.97,75,13,0,5039
280.53,90,14,0,5411
280.57,90,15,0,5866
280.3,90,16,0,6556
279.79,90,17,0,6204
278.91,90,18,0,4688
277.79,40,19,0,3326
277.0,75,20,0,3229
276.52,75,21,0,2790
276.25,40,22,0,1946
276.1,90,23,0,1181
276.1,75,0,0,649
275.91,40,1,0,422
275.69,40,2,0,340
275.4,40,3,0,365
275.44,20,4,0,683
275.35,20,5,0,2471
275.4,1,6,0,5538
275.4,1,7,0,6880
275.89,1,8,0,5906
277.07,1,9,0,5234
278.66,1,10,0,4719
282.16,75,11,0,5304
282.49,1,12,0,5487
284.21,40,13,0,5532
284.57,40,14,0,5816
284.64,75,15,0,5958
284.11,40,16,0,6455
282.06,40,17,0,6154
279.8,20,18,0,5330
278.54,20,19,0,3540
278.09,1,20,0,3193
277.88,1,21,0,2948
277.36,20,22,0,2496
277.25,20,23,0,1707
276.64,1,0,1,1090
275.98,1,1,1,735
275.73,1,2,1,537
275.63,20,3,1,371
275.29,20,4,1,397
275.25,75,5,1,696
275.1,40,6,1,1301
275.23,40,7,1,1932
276.09,20,8,1,2952
277.86,20,9,1,3529
280.05,20,10,1,3837
281.75,20,11,1,4338
283.15,20,12,1,4762
283.99,75,13,1,4367
284.03,75,14,1,4369
283.98,1,15,1,4536
283.0,1,16,1,4520
281.46,90,17,1,4677
280.71,90,18,1,4025
280.24,90,19,1,3128
280.18,90,20,1,2905
280.08,90,21,1,2853
280.23,90,22,1,3288
280.33,90,23,1,2239
280.27,90,0,1,1381
279.87,90,1,1,922
279.87,90,1,1,922
279.87,90,1,1,922
279.87,90,1,1,922
280.01,90,2,1,626
280.01,90,2,1,626
280.01,90,2,1,626
280.26,90,3,1,331
280.26,90,3,1,331
280.26,90,3,1,331
280.26,90,3,1,331
280.1,90,4,1,304
280.1,90,4,1,304
280.1,90,4,1,304
280.1,90,4,1,304
280.1,90,4,1,304
279.9,90,5,1,462
279.9,90,5,1,462
279.9,90,5,1,462
279.79,90,6,1,793
279.79,90,6,1,793
279.79,90,6,1,793
279.79,90,6,1,793
279.95,90,7,1,1120
279.95,90,7,1,1120
279.95,90,7,1,1120
279.91,90,8,1,1797
279.91,90,8,1,1797
280.43,90,9,1,2687
280.43,90,9,1,2687
280.43,90,9,1,2687
280.43,90,9,1,2687
280.43,90,9,1,2687
281.02,90,10,1,3961
281.02,90,10,1,3961
282.05,90,11,1,4086
283.42,90,12,1,3710
283.42,90,12,1,3710
284.94,75,13,1,3733
284.94,75,13,1,3733
287.6,20,14,1,3666
287.6,20,14,1,3666
289.71,20,15,1,4012
289.71,20,15,1,4012
291.14,20,16,1,4169
290.28,20,17,1,3636
288.29,20,18,1,3390
288.29,20,18,1,3390
289.25,40,19,1,2660
291.57,90,20,1,2173
291.28,87,21,1,1924
288.12,87,23,1,2863
288.12,87,0,0,1000
282.74,98,1,0,352
282.74,98,2,0,263
282.74,98,3,0,341
282.74,98,4,0,761
282.74,98,5,0,2467
282.74,98,6,0,5242
273.9,99,7,0,5390
273.9,99,8,0,2029
273.9,99,9,0,2096
272.42,90,10,0,2892
272.09,90,11,0,4245
272.09,90,11,0,4245
271.94,90,12,0,4148
271.85,90,13,0,4362
271.4,90,14,0,4619
271.25,90,15,0,4755
270.6,90,16,0,5187
270.07,90,17,0,5186
269.76,90,18,0,3854
269.71,90,19,0,2641
269.19,90,20,0,2222
268.91,90,21,0,1943
268.39,90,22,0,1437
267.27,90,23,0,2409
267.05,90,0,0,905
266.64,90,1,0,367
266.58,90,2,0,290
266.02,75,3,0,317
265.93,90,4,0,775
266.15,20,5,0,2571
266.42,75,6,0,5541
266.85,90,7,0,6529
266.86,90,8,0,6242
266.86,90,8,0,6242
267.05,75,9,0,5438
267.81,75,10,0,4656
268.35,90,11,0,4759
268.77,90,12,0,4943
269.04,90,13,0,4924
269.23,90,14,0,5409
269.51,75,15,0,5664
269.24,90,16,0,6436
269.06,90,17,0,6212
268.35,90,18,0,4324
268.26,90,19,0,2948
268.21,75,20,0,2604
267.91,20,21,0,2192
267.75,1,22,0,1563
267.15,20,23,0,1346
266.33,20,0,0,535
265.99,1,1,0,325
265.94,1,2,0,252
265.14,1,3,0,361
264.61,1,4,0,795
264.67,1,5,0,2620
264.82,1,6,0,5730
265.1,1,7,0,6792
266.4,1,8,0,6199
269.25,1,9,0,5216
271.89,40,10,0,4864
272.77,1,11,0,5477
275.0,1,12,0,5654
277.19,1,13,0,5761
277.92,1,14,0,6131
278.95,75,15,0,6415
278.02,75,16,0,7189
276.5,75,17,0,6968
275.88,90,18,0,5182
275.98,90,19,0,3536
275.98,90,20,0,3052
276.13,90,21,0,2665
276.53,90,22,0,2044
276.53,90,23,0,1841
276.48,90,0,0,575
276.26,90,1,0,325
276.02,90,2,0,294
275.87,90,3,0,371
275.47,90,4,0,817
274.91,90,5,0,2657
274.34,90,6,0,5814
273.31,75,7,0,6761
273.76,40,8,0,6171
276.44,20,9,0,5387
278.23,40,10,0,4704
279.03,1,11,0,4811
280.71,1,12,0,5115
283.26,40,13,0,5114
283.8,75,14,0,5597
283.29,75,15,0,5801
282.32,75,16,0,6570
280.33,75,17,0,6396
278.97,90,18,0,4717
278.64,90,19,0,3398
278.12,90,20,0,3258
278.05,90,21,0,2681
279.5,90,23,0,1367
279.5,90,0,0,662
277.1,99,1,0,435
277.1,99,2,0,332
277.1,99,3,0,391
277.1,99,4,0,708
277.1,99,5,0,2477
277.1,99,6,0,5527
276.8,0,7,0,6517
276.8,0,8,0,5360
276.8,0,9,0,5177
276.8,0,10,0,4661
276.8,0,11,0,5129
276.8,0,12,0,5326
276.8,0,13,0,5488
279.24,1,14,0,5489
279.24,1,15,0,5835
279.24,1,16,0,6427
279.24,1,17,0,6093
279.24,1,18,0,5074
279.24,1,19,0,3522
279.24,1,20,0,2818
279.24,1,21,0,2804
279.24,1,22,0,2639
279.24,1,23,0,1766
279.24,1,0,1,1091
270.94,0,1,1,739
270.94,0,2,1,642
270.94,0,3,1,404
270.94,0,4,1,407
266.83,1,5,1,753
266.27,1,6,1,1381
265.91,1,7,1,2046
267.33,20,8,1,3031
270.82,20,9,1,3842
273.55,20,10,1,4233
275.85,20,11,1,4416
277.61,20,12,1,4753
278.64,40,13,1,4525
279.34,40,14,1,4628
279.39,40,15,1,4546
278.73,40,16,1,4516
276.5,40,17,1,4468
274.33,20,19,1,3265
274.43,20,20,1,2608
274.45,20,21,1,2770
274.4,1,22,1,2661
274.78,1,23,1,2191
275.15,1,0,1,1293
275.25,1,1,1,861
275.62,1,2,1,644
275.89,1,3,1,368
276.16,1,4,1,293
276.29,1,5,1,482
276.24,1,6,1,774
276.2,20,7,1,1052
277.08,75,8,1,1722
279.0,75,9,1,2561
281.2,75,10,1,3232
283.49,75,11,1,3630
285.53,90,12,1,3999
285.96,75,13,1,4075
285.95,75,14,1,3966
285.65,75,15,1,4083
285.05,75,16,1,4277
284.31,75,17,1,4368
284.17,90,18,1,3504
284.17,90,19,1,3575
284.17,90,20,1,2702
283.94,90,21,1,2007
283.65,90,22,1,1505
283.55,90,23,1,961
283.01,90,0,0,476
282.54,90,1,0,311
282.45,90,2,0,268
282.02,90,3,0,364
281.8,90,4,0,789
281.06,90,5,0,2579
280.5,40,6,0,5546
280.03,40,7,0,6831
280.0,40,8,0,5884
281.48,40,9,0,5133
282.85,75,10,0,4518
284.13,40,11,0,4564
285.5,1,12,0,4925
286.43,1,13,0,4866
287.18,20,14,0,5118
286.68,40,15,0,5473
286.02,75,16,0,6276
284.55,40,17,0,5908
284.64,40,18,0,4239
284.34,75,19,0,3011
284.04,75,20,0,2644
283.5,75,21,0,2150
282.96,75,22,0,1539
282.38,40,23,0,970
282.09,75,0,0,504
281.77,75,1,0,327
282.35,75,2,0,254
282.26,75,3,0,346
282.37,75,4,0,775
282.52,75,5,0,2568
282.43,90,6,0,5647
282.01,75,7,0,6824
282.33,75,8,0,5989
283.08,75,9,0,5419
283.53,40,10,0,4826
285.74,40,11,0,5003
286.67,40,12,0,5099
287.41,40,13,0,5264
287.74,40,14,0,5561
287.73,40,15,0,5721
286.53,40,16,0,6521
283.85,40,17,0,6019
281.47,20,18,0,4525
280.54,1,19,0,3385
279.11,1,20,0,2999
278.24,1,21,0,2642
277.99,1,22,0,2050
278.0,1,23,0,1211
277.74,20,0,0,667
277.23,1,1,0,399
276.49,1,2,0,269
276.15,1,3,0,412
275.06,1,4,0,746
273.99,1,5,0,2489
273.0,1,6,0,5343
273.0,1,6,0,5343
272.54,1,7,0,6138
272.54,1,7,0,6138
272.51,1,8,0,5413
272.51,1,8,0,5413
272.51,1,8,0,5413
274.66,1,9,0,5041
274.66,1,9,0,5041
274.66,1,9,0,5041
276.57,1,10,0,4875
276.57,1,10,0,4875
278.81,1,11,0,5266
280.95,20,12,0,5656
283.13,20,13,0,5561
283.91,20,14,0,5963
284.22,20,15,0,5928
282.46,40,16,0,5733
279.63,40,17,0,4964
278.13,40,18,0,4179
277.36,40,19,0,3267
277.38,90,20,0,2787
277.82,90,21,0,2432
278.33,75,22,0,1972
278.49,20,23,0,1399
278.54,20,0,0,919
278.97,1,1,0,634
279.35,1,2,0,411
279.68,1,3,0,317
279.36,1,4,0,252
279.46,1,5,0,380
279.93,20,6,0,881
279.66,75,7,0,1094
279.47,75,8,0,1119
281.16,90,9,0,1674
283.0,75,10,0,2477
284.99,90,11,0,3245
285.88,90,12,0,3461
286.87,90,13,0,3213
287.98,75,14,0,3090
288.46,75,15,0,3068
287.3,75,16,0,3152
285.57,75,17,0,3023
284.82,75,18,0,3083
285.57,40,19,0,3010
287.12,75,20,0,3002
287.97,75,21,0,2533
288.23,75,22,0,1958
288.22,75,23,0,1390
287.46,75,0,0,693
286.67,20,1,0,482
286.01,20,2,0,370
285.37,20,3,0,341
284.82,20,4,0,456
284.58,75,5,0,1105
284.06,75,6,0,2069
283.35,75,7,0,2381
283.0,75,8,0,2364
283.89,75,9,0,2783
284.9,40,10,0,3230
284.99,40,11,0,3586
284.15,75,12,0,3947
282.15,75,13,0,3800
279.39,75,14,0,4231
277.38,75,15,0,4174
276.44,90,16,0,4079
276.44,90,16,0,4079
274.35,90,17,0,3900
274.35,90,17,0,3900
273.13,90,18,0,3420
273.13,90,18,0,3420
272.42,90,19,0,2876
272.42,90,19,0,2876
272.42,90,19,0,2876
272.42,90,19,0,2876
271.6,90,20,0,2543
271.6,90,20,0,2543
271.6,90,20,0,2543
270.59,90,21,0,2221
269.61,90,22,0,2148
268.72,90,23,0,1512
268.72,90,23,0,1512
268.06,90,0,1,917
267.76,90,1,1,611
267.76,90,1,1,611
267.19,90,2,1,470
266.59,90,3,1,322
266.59,90,3,1,322
265.86,90,4,1,299
265.6,90,5,1,574
265.55,90,6,1,1017
265.5,90,7,1,1348
266.01,75,8,1,1878
266.51,90,9,1,2753
266.98,90,10,1,3178
267.78,90,11,1,3880
268.76,1,12,1,4312
269.24,1,13,1,4494
269.4,40,14,1,4206
269.2,75,15,1,4204
269.15,90,16,1,4449
268.5,90,17,1,4357
267.82,90,18,1,3905
266.92,90,19,1,3068
265.61,90,20,1,2779
262.33,1,1,1,689
261.45,1,2,1,536
261.08,1,3,1,322
260.62,1,4,1,271
260.24,1,5,1,426
259.88,1,6,1,726
259.78,1,7,1,910
260.82,20,8,1,1366
263.42,75,9,1,2222
265.24,20,10,1,2918
266.31,75,11,1,3413
267.37,90,12,1,3724
268.13,90,13,1,3949
268.93,90,14,1,4076
269.41,90,15,1,4729
270.1,90,16,1,4880
270.37,90,17,1,4435
270.61,90,18,1,3749
270.98,90,19,1,3381
271.02,90,20,1,2809
270.98,90,21,1,2150
270.97,90,22,1,1533
270.97,40,23,1,925
271.25,90,0,0,524
271.34,90,1,0,293
271.79,90,2,0,258
271.75,90,3,0,337
271.62,90,4,0,771
271.48,90,5,0,2496
271.14,90,6,0,5529
270.77,90,7,0,6752
270.73,90,8,0,5787
270.89,90,9,0,4699
270.97,90,10,0,4271
270.64,90,11,0,4314
270.39,90,12,0,4603
271.26,86,13,0,4816
271.65,75,15,0,5449
271.6,90,16,0,6238
271.36,75,17,0,5761
271.32,90,18,0,4022
271.29,90,19,0,2874
271.29,90,20,0,2362
270.6,90,21,0,2098
269.59,90,22,0,1342
268.57,90,23,0,944
267.12,90,0,0,459
265.53,75,1,0,303
264.4,75,2,0,247
262.98,40,3,0,337
262.44,40,4,0,781
261.77,90,5,0,2601
261.27,90,6,0,5639
260.62,75,7,0,6768
260.47,40,8,0,6116
261.12,1,9,0,5215
262.6,1,10,0,4315
263.5,1,11,0,4497
264.4,1,12,0,4799
265.23,1,13,0,4884
266.06,1,14,0,5234
266.17,1,15,0,5665
266.01,1,16,0,6428
264.93,1,17,0,6092
264.26,1,18,0,4317
263.8,1,19,0,3137
263.33,1,20,0,2647
263.47,1,21,0,2194
263.55,1,22,0,1523
263.83,1,23,0,949
264.18,1,0,0,510
264.21,20,1,0,342
264.75,75,2,0,245
264.94,75,3,0,352
265.07,40,4,0,759
265.25,75,5,0,2638
264.84,40,6,0,5816
265.03,20,7,0,6995
265.28,75,8,0,6071
267.05,40,9,0,5228
268.83,75,10,0,4570
270.43,90,11,0,4809
272.28,90,12,0,4839
273.82,90,13,0,4837
275.34,75,14,0,5290
276.01,90,15,0,5621
275.25,40,16,0,6116
273.84,75,17,0,5813
272.17,40,18,0,4314
270.99,20,19,0,3077
270.23,1,20,0,2691
269.63,1,21,0,2297
269.59,1,22,0,1568
269.52,1,23,0,1020
269.69,20,0,0,561
269.84,90,1,0,358
269.7,90,2,0,279
269.73,90,3,0,363
269.51,90,4,0,784
269.29,90,5,0,2612
269.29,90,6,0,5608
269.56,90,7,0,7020
269.6,90,8,0,6072
270.12,90,9,0,5403
270.96,75,10,0,4566
271.43,75,11,0,4906
273.12,75,12,0,5081
273.26,1,13,0,5101
274.36,75,14,0,5463
274.33,75,15,0,5945
273.67,16,16,0,6489
272.98,90,17,0,6078
272.48,90,18,0,4522
272.56,90,19,0,3293
272.93,90,20,0,2913
273.13,16,21,0,2571
273.92,16,23,0,1070
273.92,16,0,0,591
270.47,6,1,0,382
270.47,6,2,0,340
270.47,6,3,0,381
270.47,6,4,0,784
270.47,6,5,0,2468
270.47,6,6,0,5503
271.22,59,7,0,6615
271.22,59,8,0,5913
271.22,59,9,0,5171
271.22,59,10,0,4840
271.22,59,11,0,5263
276.53,75,13,0,5446
276.41,75,14,0,5746
275.76,90,15,0,6110
275.24,90,16,0,6749
274.48,90,17,0,5518
273.88,90,18,0,5420
273.45,90,19,0,3618
272.8,90,20,0,3020
272.38,90,21,0,2987
272.33,90,22,0,2644
272.14,90,23,0,1799
272.0,90,0,1,1103
272.13,90,1,1,702
271.81,90,2,1,588
271.63,90,3,1,411
271.54,90,4,1,384
271.68,90,5,1,748
272.23,90,6,1,1274
272.53,90,7,1,2192
273.09,90,8,1,2953
273.09,90,8,1,2953
273.42,90,9,1,3648
273.42,90,9,1,3648
273.79,90,10,1,3971
273.79,90,10,1,3971
274.06,90,11,1,4618
274.06,90,11,1,4618
274.38,90,12,1,5161
274.38,90,12,1,5161
274.57,90,13,1,4986
274.57,90,13,1,4986
274.84,90,14,1,4919
274.84,90,14,1,4919
274.72,90,15,1,4819
274.72,90,15,1,4819
274.56,90,16,1,5085
274.56,90,16,1,5085
274.56,90,17,1,5231
274.38,90,18,1,4788
274.38,90,18,1,4788
274.04,90,19,1,3288
274.04,90,19,1,3288
273.86,90,20,1,2746
273.86,90,20,1,2746
273.86,90,21,1,2616
273.86,90,22,1,2489
274.0,90,23,1,1917
274.01,90,0,1,1341
274.52,90,1,1,825
274.8,90,2,1,627
275.18,90,3,1,339
275.59,90,4,1,301
275.91,90,5,1,447
275.73,90,6,1,667
275.86,90,7,1,1029
276.24,90,8,1,1613
277.86,100,10,1,3179
277.86,100,11,1,3642
279.43,100,12,1,3770
279.85,90,13,1,3924
279.85,90,13,1,3924
280.55,90,14,1,3696
280.55,90,14,1,3696
280.8,90,15,1,4329
280.8,90,15,1,4329
280.8,90,16,1,4135
280.8,90,16,1,4135
280.65,90,17,1,3938
280.65,90,17,1,3938
279.0,90,18,1,3243
279.0,90,18,1,3243
277.24,40,19,1,2731
276.8,90,20,1,2319
276.38,90,21,1,2093
276.55,90,22,1,2350
276.01,75,23,1,930
276.01,75,23,1,930
274.55,20,0,0,496
274.55,20,0,0,496
273.38,1,1,0,273
273.38,1,1,0,273
272.68,1,2,0,234
272.68,1,2,0,234
272.45,1,3,0,291
272.45,1,3,0,291
271.65,20,4,0,802
271.65,20,4,0,802
271.25,90,5,0,2518
271.06,90,6,0,5506
271.48,90,7,0,6393
271.33,90,8,0,5800
271.33,90,8,0,5800
271.94,90,9,0,5064
271.94,90,9,0,5064
273.36,90,10,0,4442
273.36,90,10,0,4442
274.34,90,11,0,4544
274.34,90,11,0,4544
274.89,90,12,0,4777
274.89,90,12,0,4777
275.01,90,13,0,4810
275.01,90,13,0,4810
276.07,90,14,0,5310
276.06,90,15,0,5678
275.85,90,16,0,6334
275.78,90,17,0,5914
275.83,90,18,0,4179
276.06,90,19,0,3076
276.44,75,20,0,2478
277.14,90,21,0,2159
277.33,75,22,0,1399
277.41,75,23,0,1006
277.83,40,0,0,516
278.49,75,1,0,346
279.15,90,2,0,253
279.82,75,3,0,347
280.51,90,4,0,802
281.03,90,5,0,2638
282.45,90,7,0,7051
283.32,90,8,0,6112
283.74,90,9,0,5388
283.74,90,9,0,5388
284.35,90,10,0,4489
284.35,90,10,0,4489
284.95,90,11,0,4731
284.95,90,11,0,4731
284.95,90,11,0,4731
285.11,90,12,0,4816
285.0,75,13,0,4918
284.74,75,14,0,5292
284.6,75,15,0,5657
283.7,40,16,0,6647
281.44,20,17,0,6434
280.78,1,18,0,4551
279.48,1,19,0,3186
279.19,1,20,0,2773
278.97,1,21,0,2360
279.14,1,22,0,1811
278.98,1,23,0,2544
278.44,1,1,0,381
277.08,1,2,0,264
276.05,1,3,0,341
274.88,1,4,0,783
273.75,1,5,0,2612
272.42,1,6,0,5900
271.56,20,7,0,5922
270.85,20,8,0,6888
271.19,1,9,0,5345
271.25,1,10,0,4536
272.11,1,11,0,4757
272.82,1,12,0,4961
272.92,1,13,0,4967
272.86,1,14,0,5346
272.51,1,15,0,5867
271.39,1,16,0,6605
270.08,1,17,0,6074
269.27,1,18,0,4557
268.62,1,19,0,3177
267.8,1,20,0,2788
267.34,1,21,0,2416
267.41,1,22,0,1946
267.04,40,23,0,1056
266.24,40,0,0,536
266.08,40,1,0,348
265.62,40,2,0,273
265.22,40,3,0,382
265.26,40,4,0,780
265.26,40,5,0,2627
265.53,75,6,0,5545
265.58,75,7,0,6789
265.98,75,8,0,6298
267.26,75,9,0,5391
269.34,75,10,0,4540
270.72,75,11,0,5001
272.35,75,12,0,5098
273.73,75,13,0,5113
274.13,90,14,0,5522
274.79,90,15,0,5879
274.96,90,16,0,6695
275.13,90,17,0,6587
275.58,90,18,0,4564
275.75,90,19,0,3429
276.37,90,20,0,2983
276.66,90,21,0,3225
276.78,90,22,0,2092
277.52,90,23,0,1204
277.85,90,0,0,629
278.47,90,1,0,419
279.16,90,2,0,322
279.61,90,3,0,375
280.07,90,4,0,743
280.44,90,5,0,2480
280.17,90,6,0,5555
280.17,90,6,0,5555
279.21,90,8,0,6012
278.93,75,9,0,5253
278.85,75,10,0,4832
278.64,40,11,0,5404
278.98,40,12,0,5654
278.49,40,13,0,5727
278.68,40,14,0,5918
278.39,40,15,0,5938
277.54,75,16,0,6082
276.58,75,17,0,5376
275.9,90,18,0,4270
274.77,90,19,0,3231
274.03,90,20,0,2617
272.49,75,21,0,2995
271.3,20,22,0,2652
270.09,40,23,0,1667
269.47,40,0,1,1072
269.28,20,1,1,674
269.11,75,2,1,526
268.89,40,3,1,356
268.65,40,4,1,418
268.32,75,5,1,713
267.92,75,6,1,1192
268.12,75,7,1,1881
267.58,40,8,1,2687
269.74,90,9,1,3421
270.85,90,10,1,3724
271.65,90,11,1,4465
272.08,90,12,1,5009
272.3,90,13,1,5163
272.02,90,14,1,4621
271.51,90,15,1,4807
271.51,90,15,1,4807
271.39,90,16,1,4983
271.39,90,16,1,4983
271.11,90,17,1,5327
271.11,90,17,1,5327
271.1,100,19,1,3137
271.1,100,20,1,2678
271.1,100,21,1,2911
271.1,100,22,1,2716
271.1,100,23,1,1860
269.93,93,1,1,774
269.93,93,2,1,540
269.93,93,3,1,321
269.93,93,4,1,291
269.93,93,5,1,458
269.93,93,6,1,759
269.71,0,7,1,938
269.71,0,8,1,1438
269.71,0,9,1,1916
269.71,0,10,1,2483
269.71,0,11,1,2299
269.71,0,12,1,1824
273.62,54,13,1,1686
273.62,54,14,1,1715
273.02,90,15,1,1989
272.55,90,16,1,1773
271.98,90,17,1,1607
271.87,75,18,1,1338
271.92,90,19,1,1261
272.14,90,20,1,1031
272.12,90,21,1,944
272.35,90,22,1,982
272.93,90,23,1,641
272.82,90,0,0,357
272.24,90,1,0,268
272.24,90,1,0,268
272.24,90,1,0,268
272.01,90,2,0,216
272.01,90,2,0,216
272.01,90,2,0,216
272.01,90,3,0,339
272.01,90,3,0,339
272.01,90,3,0,339
271.95,90,4,0,794
271.95,90,4,0,794
271.95,90,4,0,794
272.07,90,5,0,2139
272.07,90,5,0,2139
272.18,90,6,0,3902
272.18,90,6,0,3902
272.35,90,7,0,4433
272.35,90,7,0,4433
272.35,90,8,0,4265
272.35,90,8,0,4265
272.35,90,8,0,4265
272.35,90,8,0,4265
272.35,90,9,0,4057
272.35,90,9,0,4057
272.35,90,9,0,4057
272.35,90,9,0,4057
272.52,90,10,0,3599
272.52,90,10,0,3599
272.52,90,10,0,3599
272.52,90,10,0,3599
272.41,90,11,0,3761
272.41,90,11,0,3761
272.41,90,11,0,3761
272.41,90,12,0,3866
272.41,90,12,0,3866
272.41,90,12,0,3866
272.41,90,13,0,3882
272.41,90,13,0,3882
272.41,90,13,0,3882
272.12,90,14,0,4205
272.12,90,14,0,4205
272.12,90,14,0,4205
272.07,90,15,0,4400
272.07,90,15,0,4400
272.07,90,15,0,4400
271.89,90,16,0,4685
271.89,90,16,0,4685
271.89,90,16,0,4685
271.74,90,17,0,4208
271.74,90,17,0,4208
271.74,90,17,0,4208
271.74,90,17,0,4208
271.4,90,18,0,3516
271.4,90,18,0,3516
270.91,90,19,0,2520
270.91,90,19,0,2520
270.91,90,19,0,2520
270.81,90,20,0,2131
270.81,90,20,0,2131
270.81,90,20,0,2131
269.78,90,21,0,1983
269.78,90,21,0,1983
268.41,90,22,0,1684
268.41,90,22,0,1684
266.76,90,23,0,976
266.76,90,23,0,976
265.17,90,0,0,450
265.17,90,0,0,450
264.04,90,1,0,314
263.58,90,2,0,255
263.07,90,3,0,344
262.31,90,4,0,789
262.31,90,4,0,789
261.68,75,5,0,2531
261.45,75,6,0,4867
261.18,90,7,0,5263
260.75,90,8,0,5325
260.77,90,9,0,5137
260.81,75,10,0,4582
260.85,40,11,0,4202
261.0,20,12,0,4396
261.99,20,13,0,4519
262.23,40,14,0,4890
261.58,40,15,0,5139
260.25,75,16,0,5242
259.04,40,17,0,4913
257.81,40,18,0,4415
257.01,75,19,0,2880
255.94,75,20,0,2425
256.23,90,21,0,2273
256.06,40,22,0,1746
256.73,90,23,0,1007
257.71,90,0,0,571
257.71,90,0,0,571
258.71,90,1,0,349
259.76,90,2,0,245
260.13,90,3,0,357
260.13,90,3,0,357
260.39,90,4,0,833
260.39,90,4,0,833
260.57,90,5,0,2620
260.71,75,6,0,5178
260.64,90,7,0,5771
260.64,90,7,0,5771
260.42,40,8,0,5586
260.42,40,8,0,5586
261.16,40,9,0,5310
262.17,90,10,0,4313
262.9,16,11,0,4583
268.75,89,13,0,4810
268.75,89,14,0,5320
265.93,89,15,0,5497
264.82,89,16,0,6208
263.96,89,17,0,5574
263.59,89,18,0,4371
262.79,89,19,0,3104
261.11,40,20,0,2616
261.3,90,21,0,2425
261.3,90,21,0,2425
259.06,20,22,0,1928
258.94,75,23,0,1081
259.58,20,0,0,590
259.58,20,0,0,590
259.11,90,1,0,371
260.43,75,2,0,268
261.58,75,3,0,356
262.9,90,4,0,876
264.28,90,5,0,2651
265.22,75,6,0,5183
266.42,90,7,0,6385
267.86,90,8,0,6038
269.47,90,9,0,5045
271.36,90,10,0,4531
273.17,75,11,0,5031
274.99,75,12,0,5050
275.95,75,13,0,4989
276.46,75,14,0,5622
276.7,75,15,0,5698
276.12,90,16,0,6132
275.37,90,17,0,5331
274.66,90,18,0,4534
274.9,90,19,0,3275
275.56,90,20,0,2982
275.95,90,21,0,2632
276.06,40,22,0,2074
275.53,20,23,0,1158
275.35,90,0,0,652
275.5,90,1,0,411
275.22,90,2,0,371
274.99,90,3,0,447
274.3,75,4,0,781
273.05,75,5,0,2508
271.71,20,6,0,5412
271.1,20,7,0,6507
269.84,20,8,0,5595
269.47,20,9,0,5113
270.77,75,10,0,4868
271.92,75,11,0,5297
273.04,75,12,0,5480
274.04,40,13,0,5407
274.31,20,14,0,5519
274.16,20,15,0,6002
272.81,20,16,0,6185
271.25,40,17,0,5545
270.27,20,18,0,4555
268.66,40,19,0,3598
268.66,40,19,0,3598
267.93,40,20,0,2868
267.93,40,20,0,2868
267.13,40,21,0,2819
266.93,75,22,0,2890
266.6,90,23,0,1828
265.48,75,0,1,1147
265.41,75,1,1,699
265.29,40,2,1,556
264.73,20,3,1,385
264.56,20,4,1,421
264.88,20,5,1,716
264.25,20,6,1,1104
264.65,75,7,1,1616
265.53,75,8,1,2407
266.5,75,9,1,3169
268.61,75,10,1,3519
268.61,75,10,1,3519
270.29,75,11,1,3938
272.37,75,12,1,4030
272.37,75,12,1,4030
273.72,40,13,1,4235
274.45,40,14,1,4080
274.42,75,15,1,4143
274.08,75,16,1,4347
273.42,90,17,1,4088
273.34,90,19,1,2822
273.81,90,20,1,2420
274.18,90,21,1,2406
274.84,75,22,1,2320
275.85,90,23,1,1621
276.06,90,0,1,1098
276.25,90,1,1,704
276.28,90,2,1,588
275.71,90,3,1,307
275.71,90,3,1,307
275.71,90,3,1,307
275.71,90,3,1,307
275.34,90,4,1,271
275.34,90,4,1,271
275.34,90,4,1,271
275.34,90,4,1,271
275.16,90,5,1,455
275.16,90,5,1,455
275.16,90,5,1,455
274.98,90,6,1,690
274.98,90,6,1,690
274.98,90,6,1,690
274.89,90,7,1,964
274.89,90,7,1,964
274.89,90,7,1,964
274.89,90,7,1,964
274.94,90,8,1,1616
274.94,90,8,1,1616
274.94,90,8,1,1616
274.94,90,8,1,1616
275.03,90,9,1,2300
275.03,90,9,1,2300
275.03,90,9,1,2300
275.03,90,9,1,2300
275.03,90,9,1,2300
275.26,90,10,1,3021
275.26,90,10,1,3021
275.26,90,10,1,3021
275.26,90,10,1,3021
275.49,90,11,1,3473
275.49,90,11,1,3473
275.49,90,11,1,3473
275.49,90,12,1,3552
275.49,90,12,1,3552
275.49,90,12,1,3552
275.34,90,13,1,3657
275.34,90,13,1,3657
275.34,90,13,1,3657
275.44,90,14,1,3547
275.44,90,14,1,3547
275.44,90,14,1,3547
275.44,90,14,1,3547
275.17,90,15,1,3884
275.17,90,15,1,3884
275.17,90,15,1,3884
275.22,90,16,1,4130
275.22,90,16,1,4130
275.22,90,16,1,4130
275.22,90,16,1,4130
274.98,90,17,1,3775
274.98,90,17,1,3775
274.98,90,17,1,3775
274.98,90,17,1,3775
274.85,90,18,1,3076
274.85,90,18,1,3076
274.85,90,18,1,3076
274.85,90,18,1,3076
274.52,90,19,1,2597
274.52,90,19,1,2597
274.52,90,19,1,2597
274.52,90,19,1,2597
274.52,90,19,1,2597
274.33,90,20,1,2186
274.33,90,20,1,2186
274.33,90,20,1,2186
274.09,90,21,1,1945
274.09,90,21,1,1945
274.09,90,21,1,1945
274.09,90,21,1,1945
274.09,90,21,1,1945
273.67,90,22,1,1476
273.67,90,22,1,1476
273.67,90,22,1,1476
273.57,90,23,1,929
273.57,90,23,1,929
273.57,90,23,1,929
273.85,90,0,0,485
273.85,90,0,0,485
273.85,90,0,0,485
273.98,90,1,0,306
273.98,90,1,0,306
274.07,90,2,0,250
274.08,90,3,0,317
274.23,90,4,0,801
273.7,90,5,0,2543
272.89,90,6,0,5665
271.84,90,7,0,6520
271.07,90,8,0,5663
269.74,90,9,0,5053
268.89,90,10,0,4384
268.15,90,11,0,4589
267.68,90,12,0,4814
267.34,90,13,0,4994
266.9,90,14,0,5122
266.39,90,15,0,5694
266.19,90,16,0,6195
266.14,90,17,0,5590
266.5,90,18,0,3996
266.65,90,19,0,2953
266.65,90,20,0,2391
266.69,90,21,0,2018
266.69,90,22,0,1385
266.79,90,23,0,966
266.92,90,0,0,511
266.89,90,1,0,332
266.99,90,2,0,248
266.99,90,3,0,359
266.9,90,4,0,812
266.9,90,5,0,2528
266.7,90,6,0,5814
266.7,90,7,0,6656
266.76,90,8,0,5843
266.94,90,9,0,5303
266.94,90,9,0,5303
267.14,90,10,0,4918
267.46,90,11,0,5198
267.46,90,11,0,5198
267.8,90,12,0,5316
268.08,90,13,0,5433
268.08,90,13,0,5433
268.14,90,14,0,5785
268.14,90,14,0,5785
268.37,90,15,0,6120
268.37,90,15,0,6120
268.32,90,16,0,6493
268.32,90,16,0,6493
268.17,90,17,0,5915
268.17,90,17,0,5915
268.22,90,18,0,4570
268.22,90,18,0,4570
268.36,90,19,0,3467
268.36,90,19,0,3467
268.26,90,20,0,2855
268.26,90,21,0,2549
268.26,90,21,0,2549
268.26,90,22,0,2137
268.26,90,22,0,2137
268.36,90,23,0,1295
268.36,90,23,0,1295
268.39,90,0,0,534
268.39,90,0,0,534
268.3,90,1,0,348
268.3,90,1,0,348
268.35,90,2,0,278
268.35,90,2,0,278
268.15,90,3,0,378
268.15,90,3,0,378
268.12,90,4,0,790
268.12,90,4,0,790
268.26,90,5,0,2526
268.25,90,6,0,5796
268.22,90,7,0,6803
268.02,90,8,0,5779
267.89,90,9,0,5318
267.89,90,9,0,5318
267.89,90,9,0,5318
268.08,90,10,0,4869
268.08,90,10,0,4869
268.55,90,11,0,4999
268.88,90,12,0,5104
269.25,90,13,0,5084
269.25,90,13,0,5084
269.13,90,14,0,5634
269.13,90,14,0,5634
269.2,90,15,0,5912
269.2,90,15,0,5912
269.2,90,16,0,6135
269.2,90,16,0,6135
269.21,90,17,0,5784
269.21,90,17,0,5784
269.16,90,18,0,4553
269.16,90,18,0,4553
269.21,90,19,0,3353
269.21,90,19,0,3353
269.35,90,20,0,2883
269.35,90,20,0,2883
269.58,90,21,0,2591
269.58,90,21,0,2591
269.58,90,21,0,2591
269.95,90,22,0,2004
269.95,90,22,0,2004
270.09,90,23,0,1113
270.09,90,23,0,1113
270.56,90,0,0,641
271.06,90,1,0,419
271.44,90,2,0,281
271.57,90,3,0,391
271.43,90,4,0,837
271.34,90,5,0,2489
270.61,90,6,0,5277
270.28,90,7,0,5631
270.17,90,8,0,5444
270.17,90,8,0,5444
269.74,75,9,0,4803
269.74,75,9,0,4803
270.01,90,10,0,4500
270.62,90,11,0,4785
270.62,90,11,0,4785
271.41,75,12,0,4800
273.0,78,13,0,5007
272.43,75,15,0,5632
271.6,90,16,0,6333
271.09,90,17,0,5831
270.9,90,18,0,4279
270.72,90,19,0,3270
270.89,90,20,0,2677
270.52,90,21,0,2458
270.52,90,21,0,2458
269.79,90,22,0,2208
269.79,90,22,0,2208
269.49,90,23,0,1244
268.92,90,0,0,737
268.41,90,1,0,436
268.41,90,1,0,436
267.99,90,2,0,318
267.99,90,2,0,318
267.65,90,3,0,386
267.65,90,3,0,386
267.56,90,4,0,739
267.56,90,4,0,739
267.56,90,4,0,739
267.56,90,5,0,2242
267.56,90,5,0,2242
267.56,90,5,0,2242
267.33,90,6,0,5014
267.33,90,6,0,5014
267.31,90,7,0,5982
267.31,90,7,0,5982
267.45,90,8,0,5315
267.45,90,8,0,5315
267.45,90,8,0,5315
267.87,90,9,0,5000
267.87,90,9,0,5000
268.39,90,10,0,4985
268.39,90,10,0,4985
268.39,90,10,0,4985
268.82,90,11,0,5409
269.6,90,13,0,5578
269.38,90,14,0,5806
268.88,75,15,0,5999
268.03,75,16,0,5968
266.72,40,17,0,5264
265.93,40,18,0,4605
265.51,20,19,0,3725
264.53,75,20,0,3058
263.41,20,21,0,2795
262.59,20,22,0,2724
262.15,20,23,0,1843
261.72,1,0,1,1227
261.17,1,1,1,741
260.86,1,2,1,531
260.44,1,3,1,407
260.19,1,4,1,394
259.74,1,5,1,651
259.47,1,6,1,1048
259.03,1,7,1,1451
259.03,1,8,1,2100
259.7,1,9,1,3111
261.21,1,10,1,3705
262.57,1,11,1,4164
263.75,1,12,1,4300
264.69,1,13,1,4350
265.51,1,14,1,4243
265.33,1,15,1,4332
264.82,1,16,1,4678
263.43,20,17,1,4384
262.44,20,18,1,3631
261.62,20,19,1,3132
261.31,1,20,1,2694
260.44,1,21,1,2567
260.69,1,22,1,2451
260.4,20,23,1,1693
259.94,1,0,1,1063
259.69,1,1,1,685
259.65,20,2,1,577
260.24,20,4,1,261
260.74,20,5,1,401
261.5,20,6,1,660
261.4,40,7,1,895
261.57,75,8,1,1417
262.99,75,9,1,2288
265.29,40,10,1,2955
266.89,75,11,1,3397
268.2,75,12,1,3324
269.17,20,13,1,3459
269.53,1,14,1,3292
269.42,1,15,1,3838
268.86,1,16,1,4039
267.86,1,17,1,3474
266.61,1,18,1,3071
265.76,1,19,1,2537
265.15,1,20,1,2254
265.33,1,21,1,2099
265.03,1,22,1,1847
265.09,20,23,1,1198
264.77,90,0,0,664
264.46,90,1,0,401
263.76,90,2,0,330
262.6,90,3,0,250
261.78,40,4,0,430
261.31,75,5,0,998
260.84,75,6,0,1940
260.5,75,7,0,2440
260.01,75,8,0,2174
260.84,75,9,0,2521
262.0,75,10,0,3008
262.38,1,11,0,3559
263.87,90,12,0,3997
264.61,90,13,0,3821
265.41,75,14,0,4048
265.47,75,15,0,4032
265.46,75,16,0,3759
264.76,75,17,0,3099
264.15,75,18,0,2536
263.81,75,19,0,1972
263.32,75,20,0,2212
263.53,75,21,0,2463
263.78,75,22,0,2240
264.12,75,23,0,1542
264.4,90,0,0,803
264.52,90,1,0,575
264.42,90,2,0,352
264.31,90,3,0,191
264.31,90,4,0,125
263.91,90,5,0,208
263.69,90,6,0,432
263.45,90,7,0,478
263.45,90,7,0,478
263.34,90,8,0,642
263.2,90,9,0,1138
263.26,75,10,0,1787
264.03,40,11,0,2314
264.21,75,12,0,2549
264.12,20,13,0,2724
264.11,1,14,0,2739
263.75,1,15,0,2788
263.25,1,16,0,2938
260.79,1,17,0,2934
260.51,1,18,0,2944
259.68,1,19,0,2941
259.57,1,20,0,2795
258.82,1,21,0,2370
258.45,1,22,0,1758
258.23,1,23,0,1079
257.72,1,0,0,539
256.97,1,1,0,285
256.22,1,2,0,252
255.9,1,3,0,275
255.5,1,4,0,558
254.9,1,5,0,1880
254.58,1,6,0,3922
254.35,1,7,0,4087
253.87,20,8,0,3745
254.84,20,9,0,3577
255.85,20,10,0,3708
256.4,1,11,0,4209
258.1,89,12,0,4422
258.93,1,13,0,4699
259.3,1,14,0,4935
259.35,1,15,0,5203
259.97,40,16,0,5489
258.92,20,17,0,5036
258.0,40,18,0,3838
257.95,20,19,0,2796
257.46,75,20,0,2327
257.49,75,21,0,2010
256.9,90,22,0,1856
256.78,75,23,0,1139
255.83,36,0,0,686
256.27,75,1,0,418
256.57,75,2,0,301
257.12,75,3,0,303
257.32,90,4,0,625
257.57,90,5,0,2085
257.83,90,6,0,4313
258.29,90,7,0,4795
258.39,90,8,0,4285
258.89,90,9,0,4181
259.1,75,10,0,4177
260.67,1,11,0,4434
262.73,40,12,0,4791
263.81,20,13,0,4920
264.36,40,14,0,5212
264.62,40,15,0,5352
264.17,1,16,0,5652
262.86,1,17,0,4654
261.69,1,18,0,3629
260.96,1,19,0,2651
260.58,1,20,0,2387
260.84,40,21,0,2134
260.79,75,22,0,1971
259.53,40,23,0,1182
259.38,20,0,0,652
258.28,40,1,0,452
258.34,40,2,0,346
258.94,75,3,0,394
259.06,75,4,0,633
259.49,75,5,0,1887
259.92,90,6,0,3913
259.95,75,7,0,4353
259.81,75,8,0,3848
260.36,92,9,0,3860
261.91,75,10,0,3795
263.55,75,11,0,4471
265.78,90,13,0,4860
266.14,90,14,0,5262
265.93,90,15,0,5372
265.93,90,15,0,5372
266.16,90,16,0,5441
266.16,90,16,0,5441
265.97,90,17,0,4760
265.97,90,17,0,4760
265.98,90,18,0,4134
265.98,90,18,0,4134
265.92,90,19,0,3138
265.92,90,19,0,3138
265.92,90,20,0,2637
265.92,90,20,0,2637
265.92,90,21,0,2614
265.92,90,21,0,2614
265.82,90,22,0,2335
265.82,90,22,0,2335
265.73,90,23,0,1646
265.73,90,23,0,1646
265.62,90,0,1,1003
265.62,90,0,1,1003
265.56,90,1,1,670
265.56,90,1,1,670
265.27,90,2,1,503
265.27,90,2,1,503
265.52,90,3,1,357
265.52,90,3,1,357
265.62,90,4,1,399
265.62,90,4,1,399
265.51,90,5,1,619
265.51,90,5,1,619
265.32,90,6,1,1018
265.14,90,7,1,1280
265.14,90,7,1,1280
265.19,90,8,1,1774
265.19,90,8,1,1774
265.51,90,9,1,2565
265.51,90,9,1,2565
265.87,90,10,1,3055
265.87,90,10,1,3055
266.68,90,11,1,3583
266.68,90,11,1,3583
267.81,75,12,1,3910
268.27,90,13,1,4093
268.58,90,14,1,4240
268.58,90,14,1,4240
268.34,75,15,1,4325
268.34,75,15,1,4325
267.87,75,16,1,4357
267.87,75,16,1,4357
266.72,75,17,1,4522
265.6,75,18,1,4732
264.56,90,19,1,2859
264.56,90,19,1,2859
263.63,40,20,1,2647
263.63,40,20,1,2647
262.73,20,21,1,2429
262.73,20,21,1,2429
263.07,40,22,1,2657
262.89,20,23,1,2419
263.44,75,0,1,1195
264.45,90,1,1,752
264.76,90,2,1,586
264.99,90,3,1,356
264.7,90,4,1,270
264.52,90,5,1,415
264.32,90,6,1,651
262.28,90,8,1,1337
262.28,90,8,1,1337
261.01,17,9,1,1997
262.18,90,10,1,2930
262.18,90,10,1,2930
262.87,90,11,1,3508
262.87,90,11,1,3508
263.38,40,12,1,3951
263.38,40,12,1,3951
264.0,40,13,1,4644
264.0,40,13,1,4644
264.19,40,14,1,4524
263.87,40,15,1,3717
263.11,90,16,1,3206
262.31,90,17,1,2933
260.83,40,18,1,2615
259.91,1,19,1,3059
259.01,1,20,1,2277
258.18,1,21,1,1880
257.63,1,22,1,1717
256.69,1,23,1,1126
258.7,20,1,0,374
258.7,20,2,0,341
255.57,1,3,0,295
255.72,75,4,0,483
256.1,75,5,0,1421
256.05,20,6,0,3092
256.05,20,6,0,3092
255.79,20,7,0,3733
255.91,20,8,0,3382
255.91,20,8,0,3382
257.54,20,9,0,3453
259.77,20,10,0,3540
262.14,40,11,0,4234
263.98,75,12,0,4737
265.56,75,13,0,4599
266.65,75,14,0,4836
267.01,90,15,0,4976
267.21,1,16,0,4965
266.07,1,17,0,4419
265.18,75,18,0,3707
265.69,75,19,0,3294
266.18,40,20,0,2888
265.2,40,21,0,2588
264.58,40,22,0,2293
264.72,20,23,0,1596
263.49,58,0,0,1439
263.78,40,1,0,1502
264.16,75,2,0,933
263.95,90,3,0,576
263.65,90,4,0,372
262.4,40,5,0,419
261.42,20,6,0,640
260.66,1,7,0,745
260.29,20,8,0,939
260.19,20,9,0,1243
260.19,1,10,0,1747
260.49,20,11,0,2291
261.1,20,12,0,2588
261.55,20,13,0,2927
261.65,20,14,0,3012
261.54,1,15,0,3121
260.53,20,16,0,2864
259.17,20,17,0,2606
258.5,1,18,0,2298
257.39,1,19,0,2154
256.66,1,20,0,1732
255.99,1,21,0,1589
255.13,1,22,0,1235
254.48,1,23,0,845
254.39,1,0,0,437
253.89,1,1,0,295
252.98,1,2,0,243
252.58,1,3,0,293
252.14,1,4,0,717
250.7,1,5,0,2353
250.32,1,6,0,5366
251.1,1,7,0,5829
251.87,20,8,0,5110
252.84,40,9,0,4417
255.38,20,10,0,3892
257.41,75,11,0,4100
259.46,90,12,0,4383
260.62,90,13,0,4370
261.13,90,14,0,4661
261.61,90,15,0,4836
261.61,90,15,0,4836
262.18,90,16,0,5597
262.18,90,16,0,5597
262.54,90,17,0,5191
262.54,90,17,0,5191
263.31,90,18,0,3756
264.13,90,19,0,2687
264.62,90,20,0,2240
265.29,90,21,0,1828
265.81,90,22,0,1424
266.1,90,23,0,952
258.79,63,1,0,349
258.79,63,2,0,276
258.79,63,4,0,729
258.79,63,5,0,2383
258.79,63,6,0,5390
262.53,99,7,0,6431
263.93,90,9,0,4768
263.93,90,9,0,4768
263.93,90,9,0,4768
263.95,90,10,0,4002
263.95,90,10,0,4002
264.2,90,11,0,4280
264.2,90,11,0,4280
264.81,90,12,0,4540
264.81,90,12,0,4540
264.97,90,13,0,4729
264.97,90,13,0,4729
264.97,90,13,0,4729
265.22,90,14,0,4944
265.22,90,14,0,4944
265.22,90,14,0,4944
265.33,90,15,0,5297
265.33,90,15,0,5297
265.16,90,16,0,6142
265.16,90,16,0,6142
265.16,90,17,0,5782
265.37,90,18,0,4129
265.37,90,18,0,4129
265.47,90,19,0,2925
265.47,90,19,0,2925
265.72,90,20,0,2453
265.72,90,20,0,2453
265.72,90,20,0,2453
266.09,90,21,0,2046
266.09,90,21,0,2046
266.09,90,21,0,2046
266.41,90,22,0,1550
266.41,90,22,0,1550
266.41,90,22,0,1550
266.78,90,23,0,1079
266.78,90,23,0,1079
266.78,90,23,0,1079
266.34,90,0,0,604
266.34,90,0,0,604
265.93,90,1,0,353
265.52,90,2,0,301
265.52,90,2,0,301
264.85,90,3,0,326
264.85,90,3,0,326
264.49,90,4,0,675
263.6,90,5,0,2195
263.02,90,6,0,5263
263.02,90,6,0,5263
262.46,90,7,0,6380
261.8,90,8,0,5761
261.9,90,9,0,4844
261.9,90,9,0,4844
261.6,90,10,0,4327
261.6,90,10,0,4327
261.71,90,11,0,4787
261.71,90,11,0,4787
262.11,40,12,0,4880
262.42,1,13,0,5026
262.6,1,14,0,5315
262.94,1,15,0,5636
262.68,1,16,0,6256
261.88,1,17,0,5900
261.23,1,18,0,4353
260.92,1,19,0,3135
261.49,1,20,0,2674
262.26,1,21,0,2463
262.82,1,22,0,2064
263.44,1,23,0,1517
265.69,1,4,1,375
265.69,1,5,1,652
265.37,1,7,1,1597
265.43,1,8,1,2339
266.29,1,9,1,3177
267.41,1,10,1,3482
269.0,1,11,1,3813
270.17,1,12,1,4406
270.98,1,13,1,4191
271.33,1,14,1,4296
271.56,1,15,1,4387
270.7,20,16,1,4273
269.17,20,17,1,4230
267.38,20,18,1,3781
265.82,20,19,1,2342
264.49,1,20,1,1933
264.15,1,21,1,1873
263.87,20,22,1,2502
262.42,1,23,1,1602
262.36,1,0,1,951
261.78,1,1,1,608
261.8,1,2,1,507
262.03,1,3,1,318
261.09,1,4,1,256
260.21,1,5,1,406
260.71,1,6,1,709
260.78,1,7,1,927
260.68,1,8,1,1478
261.36,20,9,1,2304
263.85,1,10,1,2897
263.85,1,10,1,2897
265.12,1,11,1,3190
265.12,1,11,1,3190
266.49,1,12,1,3441
267.71,20,13,1,3840
268.3,20,14,1,4074
268.5,40,15,1,4037
267.89,40,16,1,3969
267.16,1,17,1,3762
265.97,75,18,1,3062
265.9,75,19,1,2512
265.09,75,20,1,2087
264.78,75,21,1,1669
264.78,75,21,1,1669
265.04,75,22,1,1384
265.04,75,22,1,1384
265.34,90,23,1,853
265.05,90,0,0,442
264.53,40,1,0,312
264.07,1,2,0,248
263.91,40,3,0,278
264.24,75,4,0,754
263.69,75,5,0,2398
262.3,20,6,0,5522
261.6,20,7,0,6681
260.79,1,8,0,5839
261.94,1,9,0,4709
263.58,1,10,0,4131
264.96,1,11,0,4294
265.93,20,12,0,4410
266.71,20,13,0,4642
267.16,20,14,0,5105
267.15,20,15,0,5494
266.48,40,16,0,6231
265.22,40,17,0,5717
264.06,20,18,0,4169
263.44,20,19,0,2752
263.13,20,20,0,2229
263.08,20,21,0,1894
263.88,75,22,0,1440
264.49,40,23,0,961
265.41,75,0,0,489
267.04,90,1,0,333
268.77,90,2,0,230
269.8,75,3,0,314
270.68,75,4,0,758
270.84,40,5,0,2432
270.74,40,6,0,5674
270.32,75,7,0,6771
270.22,75,8,0,6094
270.27,75,9,0,4964
271.43,75,10,0,4357
272.0,75,11,0,4432
273.05,75,12,0,4589
274.18,40,13,0,4858
274.38,40,16,0,6486
273.44,40,17,0,6271
272.23,40,18,0,4677
271.79,40,19,0,2805
270.98,20,20,0,2528
270.4,40,21,0,2278
269.75,75,22,0,1733
269.43,75,23,0,945
268.26,20,0,0,531
266.67,40,1,0,357
265.93,40,2,0,271
263.93,1,4,0,773
263.93,1,4,0,773
263.85,20,5,0,2456
264.88,75,7,0,6852
266.57,75,8,0,6234
268.3,75,9,0,5061
269.84,75,10,0,4243
271.42,75,11,0,4677
272.58,75,12,0,4753
273.13,75,13,0,4780
273.56,75,14,0,5217
273.86,90,15,0,5447
273.67,90,16,0,6394
273.51,90,17,0,6139
273.49,90,18,0,4465
273.12,90,19,0,2952
271.48,98,20,0,2603
272.65,20,3,0,314
273.65,1,4,0,754
272.95,1,12,0,4902
272.08,20,17,0,5886
270.58,20,18,0,4322
268.38,20,19,0,2857
269.07,1,20,0,2474
269.44,1,21,0,2365
269.45,1,23,0,1070
270.06,1,0,0,557
270.51,1,1,0,334
270.64,1,2,0,308
270.86,75,3,0,322
271.38,75,4,0,723
272.13,1,5,0,2367
272.52,1,6,0,5163
272.52,20,7,0,6029
272.79,20,8,0,5751
273.38,20,9,0,4847
274.88,40,10,0,4367
275.86,75,11,0,4786
276.89,75,13,0,4885
276.89,90,14,0,5387
276.29,90,17,0,5668
276.29,90,17,0,5668
276.29,90,17,0,5668
276.29,90,17,0,5668
274.92,90,18,0,4476
274.92,90,18,0,4476
274.05,90,19,0,3433
274.05,90,19,0,3433
274.05,90,19,0,3433
273.93,90,20,0,2711
273.93,90,20,0,2711
273.93,90,21,0,2511
273.93,90,21,0,2511
273.93,90,21,0,2511
274.05,90,22,0,2143
274.05,90,22,0,2143
274.18,90,23,0,1629
274.18,90,23,0,1629
274.18,90,23,0,1629
274.67,90,0,1,1043
274.67,90,0,1,1043
274.67,90,0,1,1043
274.67,90,1,1,682
274.67,90,1,1,682
274.67,90,2,1,518
274.67,90,3,1,353
274.67,90,4,1,382
274.8,90,5,1,644
274.8,90,5,1,644
274.8,90,6,1,1142
274.8,90,6,1,1142
274.8,90,6,1,1142
274.67,90,7,1,1696
274.67,90,7,1,1696
274.8,90,8,1,2624
275.05,90,9,1,3377
275.29,90,10,1,3600
275.54,90,11,1,4017
275.54,90,11,1,4017
275.54,90,11,1,4017
275.66,90,12,1,4538
275.66,90,12,1,4538
275.66,90,12,1,4538
275.79,90,13,1,4556
275.79,90,13,1,4556
275.92,90,14,1,4547
275.92,90,14,1,4547
275.66,90,15,1,4557
275.66,90,15,1,4557
275.66,90,15,1,4557
275.67,90,16,1,4338
275.67,90,16,1,4338
275.93,90,17,1,4170
275.93,90,17,1,4170
275.93,90,17,1,4170
276.05,90,18,1,3789
276.05,90,18,1,3789
276.05,90,18,1,3789
276.31,90,19,1,2627
276.31,90,19,1,2627
276.68,90,20,1,2352
276.68,90,20,1,2352
276.68,90,20,1,2352
276.93,90,21,1,2304
276.93,90,21,1,2304
276.93,90,21,1,2304
277.31,90,22,1,2101
277.31,90,22,1,2101
277.31,90,22,1,2101
277.21,90,23,1,1807
276.2,90,0,1,1049
274.35,90,1,1,681
274.35,90,1,1,681
268.44,90,3,1,306
267.57,90,4,1,199
266.2,90,5,1,422
265.06,90,6,1,686
264.83,90,7,1,951
263.83,90,8,1,1444
263.07,75,10,1,2983
263.07,75,10,1,2983
263.07,40,11,1,3498
262.93,75,13,1,3907
262.31,90,14,1,3644
261.32,75,16,1,3687
260.58,90,17,1,3400
259.94,40,19,1,2363
259.08,75,20,1,1943
258.71,75,21,1,1718
258.45,20,22,1,1274
257.83,20,23,1,785
257.7,20,0,0,429
257.19,20,1,0,265
256.95,1,2,0,222
256.83,1,3,0,281
256.7,20,4,0,735
256.58,90,5,0,2368
256.34,90,6,0,5427
256.34,90,7,0,6579
256.2,75,8,0,5908
256.42,75,9,0,4673
256.82,90,10,0,3943
256.82,90,10,0,3943
257.68,90,11,0,4217
257.68,90,11,0,4217
258.59,75,12,0,4509
258.59,75,12,0,4509
259.07,90,13,0,4532
259.07,90,13,0,4532
259.56,90,14,0,5170
259.6,90,15,0,5554
259.6,90,15,0,5554
259.45,90,16,0,6414
259.45,90,16,0,6414
259.1,90,17,0,5964
258.83,90,18,0,4203
258.51,75,19,0,2859
258.42,40,20,0,2298
258.22,20,21,0,2065
257.97,1,22,0,1347
257.97,1,23,0,909
257.93,1,0,0,487
257.93,1,1,0,325
257.72,1,2,0,246
257.67,1,3,0,289
257.57,1,4,0,731
257.77,1,5,0,2432
257.79,20,6,0,5434
257.75,90,7,0,5916
257.66,75,8,0,6179
258.65,20,10,0,4189
259.57,40,11,0,4497
261.3,40,13,0,4884
261.68,20,14,0,5136
261.78,20,15,0,5627
261.39,1,16,0,6493
260.82,20,17,0,5739
260.76,20,18,0,4491
260.66,75,19,0,3043
260.71,75,20,0,2828
260.66,75,21,0,2331
260.66,20,22,0,1433
260.5,1,23,0,989
261.2,1,0,0,498
261.36,1,1,0,330
262.03,1,2,0,249
261.26,1,4,0,792
260.99,1,5,0,2408
260.5,1,6,0,4987
260.08,1,7,0,5709
260.94,20,8,0,5751
262.93,20,9,0,5303
264.57,1,10,0,4333
266.42,1,11,0,4623
268.51,1,12,0,4849
269.74,1,13,0,4984
270.59,1,14,0,5354
271.15,20,15,0,5700
271.2,20,16,0,6465
270.29,1,17,0,6019
269.28,1,18,0,4425
268.85,1,19,0,3188
268.95,1,20,0,2807
268.8,1,21,0,3090
268.71,0,22,0,2171
268.71,0,0,0,542
266.25,59,1,0,339
266.25,59,2,0,279
266.25,59,3,0,299
266.25,59,4,0,761
266.25,59,5,0,2502
266.25,59,6,0,5611
271.5,90,7,0,6857
271.5,90,7,0,6857
272.11,90,8,0,5912
273.0,90,9,0,4952
274.1,90,10,0,4205
274.78,90,11,0,4662
274.07,90,12,0,4929
272.73,90,13,0,4897
271.74,90,14,0,5268
271.74,90,14,0,5268
270.98,90,15,0,5873
270.58,90,16,0,6490
269.63,20,17,0,6488
267.73,1,18,0,4582
266.83,1,19,0,3243
265.75,1,20,0,2761
264.32,1,21,0,2646
263.51,1,22,0,1787
262.34,1,23,0,1147
261.36,1,0,0,602
260.74,20,1,0,355
260.58,75,2,0,301
260.32,90,3,0,345
260.0,75,4,0,712
259.77,75,5,0,2316
258.94,75,6,0,5157
258.52,20,7,0,6439
258.78,20,8,0,5727
259.76,90,9,0,5023
260.17,90,10,0,4367
261.02,90,11,0,4813
261.02,90,11,0,4813
264.55,20,13,0,5398
265.22,20,14,0,5474
265.34,1,15,0,5953
265.31,1,16,0,6514
264.4,20,17,0,5927
263.1,20,18,0,4792
263.15,40,19,0,3503
263.21,90,20,0,2799
264.02,90,21,0,2669
264.01,90,22,0,2311
264.4,90,23,0,1659
264.61,90,0,1,1021
264.75,90,1,1,696
264.86,90,2,1,535
264.86,90,2,1,535
265.37,90,3,1,353
265.78,90,4,1,361
266.24,90,5,1,687
267.11,90,6,1,1111
267.98,90,7,1,1702
269.02,90,8,1,2595
271.02,75,9,1,3346
272.74,75,10,1,3550
275.16,40,11,1,4096
276.72,40,12,1,4803
277.1,75,13,1,4906
277.28,75,14,1,4973
276.74,75,15,1,4791
276.08,75,16,1,4837
275.27,40,17,1,4825
274.02,20,18,1,4530
273.53,20,19,1,3076
273.0,20,20,1,2532
271.8,40,22,1,3096
271.42,40,23,1,3125
270.86,90,1,1,784
270.53,90,2,1,577
271.27,90,4,1,246
271.35,90,5,1,419
270.47,75,7,1,946
270.65,90,8,1,1513
272.92,90,9,1,2132
274.57,75,10,1,2796
269.27,86,12,1,3632
270.92,58,13,1,4028
270.92,58,14,1,3795
266.49,40,16,1,3695
263.98,75,17,1,3455
260.61,75,18,1,3075
258.95,40,20,1,2073
257.81,90,21,1,3219
257.21,90,22,1,2215
256.54,20,23,1,1031
255.63,20,1,0,331
255.49,40,2,0,270
255.33,40,3,0,310
255.2,75,4,0,667
254.69,75,5,0,1978
254.69,75,6,0,4018
254.7,90,7,0,4397
254.7,90,8,0,3731
256.15,75,10,0,3339
256.92,90,11,0,3551
259.07,90,13,0,4048
259.26,75,14,0,4252
259.27,90,15,0,4483
259.04,90,16,0,4561
258.69,90,17,0,4420
258.69,90,17,0,4420
257.66,90,19,0,2545
256.44,20,20,0,2058
255.58,20,21,0,1790
254.83,20,22,0,1303
253.51,1,23,0,859
250.63,42,1,0,275
250.63,42,2,0,185
248.14,25,4,0,719
248.14,25,4,0,719
248.14,25,5,0,2424
248.14,25,5,0,2424
249.46,40,7,0,6256
249.33,75,8,0,5693
250.44,40,10,0,4031
250.69,40,11,0,4176
251.56,40,12,0,4551
252.22,75,13,0,4747
252.94,20,15,0,5459
252.81,40,16,0,6331
252.18,20,17,0,6111
251.69,20,19,0,2774
251.58,1,20,0,2593
251.45,1,21,0,3209
251.33,1,22,0,2538
247.16,11,1,0,346
247.16,11,2,0,248
246.47,13,3,0,312
246.47,13,4,0,737
246.47,13,5,0,2486
248.75,1,6,0,5307
248.48,1,7,0,6391
248.48,20,8,0,6106
249.91,20,9,0,5394
250.79,20,10,0,4303
251.67,40,11,0,4481
253.57,75,12,0,4779
254.2,75,13,0,4682
255.04,75,14,0,5212
255.63,75,15,0,5633
255.46,90,16,0,6606
255.58,90,17,0,6303
255.5,90,18,0,4584
255.85,90,19,0,3062
255.99,90,20,0,2727
256.96,90,22,0,2484
257.41,90,23,0,1150
258.44,90,1,0,289
258.7,90,2,0,254
259.3,90,4,0,746
259.3,90,4,0,746
259.46,90,5,0,2449
259.46,90,5,0,2449
259.98,90,7,0,6870
259.98,90,7,0,6870
260.08,90,8,0,6256
260.08,90,8,0,6256
260.08,90,8,0,6256
261.76,90,10,0,4286
263.3,40,11,0,4438
263.35,75,13,0,4731
262.26,75,14,0,5258
259.62,40,16,0,6661
257.89,40,17,0,5891
255.77,1,19,0,3156
254.96,1,20,0,2843
253.97,1,21,0,2521
253.46,1,22,0,1887
252.83,1,23,0,1172
252.07,1,0,0,590
251.56,20,1,0,376
251.56,90,2,0,283
251.45,90,4,0,683
251.32,90,5,0,2384
251.56,90,6,0,5269
251.8,90,7,0,6593
252.44,90,8,0,5829
254.65,90,10,0,4463
255.65,90,11,0,4911
257.86,90,13,0,5206
258.52,90,14,0,5546
259.97,90,16,0,6456
260.22,75,17,0,6142
260.46,90,19,0,3633
260.64,90,20,0,3033
261.56,90,22,0,2439
262.18,90,23,0,1690
262.69,90,1,1,669
262.98,90,2,1,584
263.79,90,4,1,385
264.15,90,5,1,658
264.79,90,7,1,2052
264.85,90,8,1,2755
265.05,75,10,1,3991
264.25,40,12,1,4947
257.14,1,1,1,937
256.96,40,2,1,686
256.12,20,5,1,462
255.95,40,7,1,1153
256.34,75,8,1,1839
260.21,75,10,1,3245
262.2,90,11,1,3616
265.54,75,13,1,3813
266.54,75,14,1,3124
267.41,90,16,1,2529
267.41,90,17,1,2347
267.71,90,19,1,1596
267.98,90,20,1,1408
268.25,90,22,1,1030
268.26,90,23,1,692
268.32,75,0,0,383
268.49,90,1,0,273
268.6,40,2,0,261
268.53,20,3,0,334
269.6,90,5,0,2474
269.94,90,6,0,5198
271.13,90,8,0,5565
272.07,90,9,0,4410
273.13,90,11,0,4033
273.37,90,12,0,4368
272.85,90,14,0,4799
272.85,90,14,0,4799
272.85,90,14,0,4799
272.71,90,17,0,5708
272.71,90,17,0,5708
272.55,90,20,0,2460
272.55,90,20,0,2460
272.55,90,20,0,2460
272.37,91,0,0,434
273.05,90,1,0,370
273.15,90,2,0,243
272.59,98,3,0,340
272.94,90,5,0,2608
272.94,90,5,0,2608
272.94,90,6,0,5646
272.94,90,7,0,6945
273.04,90,8,0,6060
273.56,90,9,0,5100
273.82,90,10,0,4389
274.12,90,11,0,4462
274.48,90,12,0,4739
274.8,90,13,0,4683
274.74,90,14,0,5061
274.69,90,15,0,5693
273.98,90,16,0,6617
273.58,90,17,0,6139
273.02,90,18,0,4679
272.24,90,19,0,3121
271.42,90,20,0,2686
271.22,90,21,0,2734
271.12,90,22,0,3839
270.76,90,23,0,1242
270.15,90,0,0,605
269.49,90,1,0,389
268.82,90,2,0,261
268.49,40,3,0,337
268.58,20,4,0,747
268.66,75,5,0,2533
267.15,90,6,0,5348
260.0,100,8,0,5330
260.59,100,9,0,5410
260.59,100,10,0,4403
260.59,100,11,0,4543
261.53,100,13,0,4962
261.53,100,14,0,5303
258.75,99,15,0,5679
258.75,99,16,0,6485
258.75,99,17,0,6312
254.84,98,18,0,4334
254.84,98,19,0,3059
254.84,98,20,0,2787
253.77,99,21,0,2545
253.77,99,22,0,2040
253.77,99,23,0,1130
252.77,100,0,0,627
252.77,100,1,0,378
252.77,100,2,0,291
250.91,100,3,0,347
250.91,100,4,0,638
250.91,100,5,0,2337
249.91,100,6,0,5110
249.91,100,7,0,6681
249.91,100,8,0,5948
252.13,99,9,0,4996
252.13,99,10,0,4461
252.13,99,11,0,4929
253.33,85,12,0,5246
253.33,85,13,0,5201
253.33,85,14,0,5518
251.77,83,15,0,6037
251.77,83,16,0,5971
251.77,83,17,0,4909
250.24,70,18,0,4053
250.24,70,19,0,2945
250.24,70,20,0,2547
249.69,59,21,0,2396
249.69,59,22,0,2320
251.23,84,23,0,1517
250.14,89,0,1,945
250.14,89,1,1,580
246.04,20,2,1,472
244.82,11,3,1,354
244.82,11,4,1,417
244.82,11,5,1,678
245.7,0,6,1,1198
245.7,0,7,1,1909
245.7,0,8,1,2689
250.41,3,9,1,3438
250.41,3,10,1,3885
250.41,3,11,1,4420
254.46,56,12,1,4907
254.46,56,13,1,4901
254.46,56,14,1,4684
255.98,77,15,1,4760
255.98,77,16,1,4763
255.98,77,17,1,4471
256.67,85,18,1,4113
256.67,85,19,1,3440
256.67,85,20,1,2768
256.44,93,21,1,2390
256.44,93,22,1,2752
256.44,93,23,1,2258
254.44,98,0,1,1103
254.44,98,1,1,730
252.74,100,2,1,579
249.51,88,3,1,338
249.51,88,4,1,255
249.51,88,5,1,425
249.75,40,6,1,720
250.33,67,7,1,1080
250.33,67,8,1,1630
254.67,59,9,1,2428
254.67,59,10,1,3230
254.67,59,11,1,3555
257.31,91,12,1,3676
258.59,91,13,1,4072
258.59,91,14,1,4178
257.01,93,15,1,4148
257.01,93,16,1,4665
257.01,93,17,1,3536
271.15,90,18,1,2196
258.9,98,20,1,1656
258.4,97,21,1,1566
258.4,97,22,1,2658
258.4,97,23,1,1068
257.16,62,0,0,522
257.16,62,1,0,285
255.52,58,2,0,265
253.88,32,3,0,352
253.88,32,4,0,742
253.88,32,5,0,2327
254.15,4,6,0,4897
254.15,4,7,0,5884
254.33,0,8,0,4790
258.34,5,9,0,5463
258.34,5,10,0,4141
258.34,5,11,0,4195
260.55,38,12,0,4506
261.93,83,13,0,4416
261.93,83,14,0,4882
261.23,90,15,0,5430
261.23,90,16,0,6316
261.23,90,17,0,6067
260.74,99,18,0,4454
260.74,99,19,0,2912
260.74,99,20,0,2519
259.93,97,21,0,2083
259.93,97,22,0,1396
259.93,97,23,0,909
258.13,99,1,0,326
259.24,100,2,0,243
255.78,77,3,0,326
255.78,77,4,0,747
255.78,77,5,0,2336
255.35,1,6,0,4591
254.16,2,7,0,5100
254.16,2,8,0,5523
257.88,1,9,0,5376
257.88,1,10,0,4364
257.88,1,11,0,4435
260.03,40,12,0,4680
261.27,44,13,0,4811
261.27,44,14,0,5064
259.72,56,16,0,6242
259.72,56,17,0,6235
261.72,81,18,0,4721
261.72,81,19,0,3200
261.72,81,20,0,2846
262.97,89,21,0,2372
262.97,89,22,0,1475
262.97,89,23,0,1013
263.19,100,0,0,526
266.48,98,1,0,294
267.12,90,2,0,271
267.12,75,3,0,315
268.0,75,4,0,774
268.06,90,5,0,2605
268.06,90,5,0,2605
269.01,90,7,0,6454
269.97,90,8,0,6531
270.55,90,10,0,4039
270.54,90,11,0,4034
270.52,75,13,0,4544
270.38,75,14,0,4995
269.82,40,15,0,5597
269.34,20,16,0,6393
267.73,1,17,0,6087
266.15,1,19,0,3281
261.02,85,22,0,1768
261.02,85,23,0,3022
259.1,40,1,0,384
259.1,40,2,0,372
257.92,32,4,0,761
257.92,32,5,0,2546
263.02,87,7,0,6274
263.02,87,8,0,6076
266.41,93,10,0,4444
266.41,93,11,0,4829
267.53,90,13,0,4995
268.4,90,14,0,5323
268.68,20,16,0,6497
268.17,90,17,0,6050
268.03,90,18,0,4432
268.17,1,19,0,3282
268.08,90,20,0,3019
268.4,90,21,0,3924
268.37,90,22,0,3310
268.63,90,23,0,1296
268.52,90,1,0,414
268.52,90,1,0,414
268.91,90,2,0,324
268.91,90,2,0,324
268.96,90,3,0,339
268.96,90,3,0,339
268.87,90,4,0,735
268.87,90,4,0,735
268.73,90,5,0,2391
268.73,90,5,0,2391
268.53,90,7,0,6710
268.63,90,8,0,5940
268.83,90,9,0,5044
268.73,90,10,0,4638
269.34,90,11,0,4974
269.34,90,11,0,4974
269.68,90,13,0,5312
269.68,90,13,0,5312
269.82,90,14,0,5642
269.82,90,14,0,5642
270.16,90,15,0,5858
270.25,90,16,0,6579
270.34,90,17,0,6095
270.21,90,18,0,4831
270.02,90,19,0,3621
269.89,90,20,0,2931
269.47,90,21,0,2861
269.59,90,22,0,3112
269.19,90,23,0,1856
268.93,90,1,1,721
269.11,90,2,1,525
268.49,90,4,1,426
267.43,90,5,1,730
266.74,20,7,1,1946
267.34,90,8,1,3001
267.8,20,10,1,4170
268.37,5,11,1,4383
269.27,1,13,1,4799
269.57,1,14,1,4710
269.21,1,15,1,4621
269.13,1,16,1,4880
268.41,1,17,1,4374
267.65,40,18,1,3972
267.23,40,19,1,3334
267.49,75,20,1,2768
268.22,90,21,1,3169
268.03,90,22,1,4198
268.88,90,23,1,1997
269.24,90,0,1,1230
269.41,90,1,1,721
269.19,90,2,1,605
269.64,90,3,1,348
269.65,90,4,1,299
269.74,90,5,1,456
269.93,90,7,1,901
270.21,90,8,1,1426
270.21,90,8,1,1426
270.4,90,9,1,1965
270.73,90,10,1,2146
271.14,90,11,1,2177
271.94,90,13,1,2059
272.32,90,14,1,2212
272.32,90,14,1,2212
272.6,90,16,1,2460
272.6,90,16,1,2460
272.46,90,17,1,2230
272.46,90,17,1,2230
271.98,90,19,1,1539
271.83,90,20,1,1330
271.6,90,22,1,1021
271.37,90,23,1,723
271.04,90,1,0,252
271.04,90,1,0,252
271.13,90,2,0,265
271.13,90,2,0,265
271.0,90,4,0,807
271.0,90,4,0,807
271.0,90,4,0,807
270.86,90,5,0,2419
270.86,90,5,0,2419
270.86,90,5,0,2419
270.82,90,7,0,5325
270.82,90,7,0,5325
270.82,90,7,0,5325
270.82,90,8,0,5032
270.82,90,8,0,5032
270.82,90,8,0,5032
271.57,90,10,0,3866
271.57,90,10,0,3866
271.57,90,10,0,3866
271.57,90,10,0,3866
271.57,90,10,0,3866
272.0,90,11,0,3959
272.0,90,11,0,3959
272.0,90,11,0,3959
272.0,90,11,0,3959
272.54,90,13,0,4200
272.54,90,13,0,4200
272.54,90,13,0,4200
272.54,90,13,0,4200
272.91,90,14,0,4723
272.91,90,14,0,4723
272.91,90,14,0,4723
273.32,90,15,0,5177
273.32,90,15,0,5177
273.41,90,16,0,6202
273.41,90,16,0,6202
273.41,90,16,0,6202
273.59,90,17,0,5789
273.59,90,17,0,5789
273.59,90,17,0,5789
273.46,90,18,0,4095
273.46,90,18,0,4095
273.47,90,19,0,2782
273.47,90,19,0,2782
273.47,90,19,0,2782
273.14,90,20,0,2452
273.14,90,20,0,2452
272.7,90,21,0,2060
272.7,90,21,0,2060
272.61,90,22,0,1407
272.61,90,22,0,1407
271.94,90,23,0,958
271.94,90,23,0,958
271.76,90,0,0,522
271.76,90,0,0,522
271.7,90,1,0,332
271.7,90,1,0,332
271.51,90,2,0,289
271.51,90,2,0,289
271.37,90,3,0,343
271.37,90,3,0,343
270.92,90,4,0,782
269.46,90,7,0,6655
269.05,90,8,0,6198
269.05,90,8,0,6198
269.47,90,9,0,5011
269.6,90,10,0,4386
269.8,90,11,0,4614
270.13,90,12,0,4759
269.95,90,13,0,4834
269.8,90,14,0,5209
269.15,90,15,0,5716
269.03,90,16,0,6381
268.41,90,17,0,6079
268.54,90,18,0,4623
267.15,90,19,0,3205
267.15,90,21,0,2669
267.15,90,22,0,1622
263.47,0,0,0,559
263.47,0,1,0,333
263.47,0,2,0,264
266.15,90,4,0,771
263.66,4,5,0,2611
266.15,40,6,0,5246
266.9,77,8,0,6544
269.13,40,10,0,4559
270.47,75,11,0,4782
273.11,20,13,0,5074
273.89,20,14,0,5313
274.06,1,15,0,5875
273.5,1,16,0,6759
272.41,20,17,0,6353
270.79,20,18,0,4704
269.95,20,19,0,3098
269.58,40,20,0,2896
269.01,75,21,0,2344
268.95,90,22,0,1663
268.49,40,23,0,967
268.26,20,0,0,567
267.49,75,1,0,375
267.22,75,2,0,278
266.82,90,4,0,749
266.62,75,5,0,2527
266.26,90,6,0,5016
266.57,75,7,0,5383
266.98,90,8,0,5433
268.36,90,9,0,5493
269.61,75,10,0,4425
271.94,90,11,0,4818
274.06,75,12,0,5026
275.4,75,13,0,5015
276.03,75,14,0,5493
276.16,75,15,0,6011
275.7,90,16,0,6943
274.97,90,17,0,6098
274.97,90,17,0,6098
274.25,90,18,0,4528
274.01,90,19,0,3330
274.01,90,19,0,3330
274.01,90,19,0,3330
273.77,90,20,0,2909
273.77,90,20,0,2909
273.77,90,20,0,2909
273.4,90,21,0,3005
273.4,90,21,0,3005
273.45,90,22,0,3814
273.45,90,22,0,3814
273.45,90,22,0,3814
273.45,90,22,0,3814
273.35,90,23,0,1613
273.35,90,23,0,1613
273.35,90,23,0,1613
273.35,90,23,0,1613
273.44,90,0,0,792
273.44,90,0,0,792
273.2,90,1,0,465
273.2,90,1,0,465
272.5,90,2,0,349
272.5,90,2,0,349
271.71,90,3,0,360
271.71,90,3,0,360
271.0,90,4,0,732
270.08,90,5,0,2364
268.7,40,7,0,6660
268.93,40,8,0,5744
270.47,75,10,0,4742
270.8,75,11,0,5223
271.12,90,13,0,5463
271.08,75,14,0,5748
270.65,40,15,0,6129
270.05,40,16,0,6497
269.04,75,17,0,5915
268.03,75,18,0,4668
267.21,75,19,0,3900
266.1,40,20,0,3070
264.9,20,21,0,2755
264.38,20,22,0,2382
263.26,1,23,0,2977
262.21,20,0,1,1494
261.41,90,1,1,757
260.89,75,2,1,567
260.32,75,3,1,341
259.52,75,4,1,402
258.97,75,5,1,689
257.91,40,7,1,1856
258.2,40,8,1,2807
259.75,20,9,1,3798
260.95,20,10,1,3963
262.16,40,11,1,4292
263.37,20,12,1,4673
264.17,20,13,1,4689
264.73,1,14,1,4637
264.76,1,15,1,4726
264.7,1,16,1,4880
264.08,1,17,1,4436
262.08,1,18,1,4072
261.76,1,19,1,3560
260.74,1,20,1,2990
259.9,1,21,1,3045
258.89,1,22,1,2642
258.1,1,23,1,1785
256.54,1,1,1,740
256.66,75,2,1,613
256.84,40,4,1,268
256.71,90,5,1,426
256.8,90,7,1,962
256.8,90,7,1,962
257.14,20,8,1,1647
257.14,20,8,1,1647
257.14,20,8,1,1647
260.29,75,10,1,3234
260.29,75,10,1,3234
260.29,75,10,1,3234
261.29,75,11,1,3580
261.29,75,11,1,3580
262.66,40,12,1,4143
264.09,20,13,1,4312
264.76,20,14,1,4422
265.53,1,15,1,4165
265.25,20,16,1,4208
264.49,20,17,1,4030
262.45,20,18,1,3830
260.51,20,19,1,4139
260.07,1,20,1,3369
259.14,1,21,1,2185
258.34,20,22,1,1672
258.91,20,23,1,985
258.96,20,0,0,556
259.55,20,1,0,379
260.17,90,2,0,338
260.61,40,3,0,295
260.52,75,4,0,735
260.75,1,5,0,2231
260.88,1,6,0,4570
261.12,20,7,0,5512
262.21,75,8,0,4718
264.41,40,9,0,4103
266.65,40,10,0,3974
268.52,75,11,0,4277
270.45,75,12,0,4680
271.26,75,13,0,4677
272.14,75,14,0,4876
272.33,90,15,0,5046
272.48,75,16,0,5466
272.13,90,17,0,5066
271.84,90,18,0,3825
271.57,90,19,0,2816
271.43,90,20,0,2281
271.25,90,21,0,2062
271.34,90,22,0,1415
271.47,1,23,0,911
271.34,75,0,0,470
271.07,75,1,0,292
271.25,75,2,0,235
271.41,90,4,0,776
271.35,90,5,0,2638
271.23,90,6,0,5741
270.99,90,7,0,6996
271.63,90,8,0,6008
273.17,90,10,0,4273
273.17,90,10,0,4273
272.49,90,11,0,4493
272.49,90,11,0,4493
269.77,90,13,0,4756
268.33,90,14,0,5120
265.84,90,16,0,6425
264.7,90,17,0,5936
262.6,90,19,0,3126
261.95,90,20,0,2731
261.02,90,21,0,2343
261.02,90,21,0,2343
260.51,90,22,0,1489
259.29,90,1,0,295
258.89,75,2,0,220
258.07,75,4,0,751
257.83,75,5,0,2560
256.5,75,7,0,5909
256.3,75,8,0,6125
257.4,40,10,0,4334
258.06,40,11,0,4608
259.21,1,13,0,4964
259.44,1,14,0,5276
259.24,1,16,0,6723
258.95,1,17,0,6153
257.41,1,19,0,3234
257.06,1,20,0,2987
256.0,1,22,0,1635
255.38,1,23,0,1034
254.45,1,1,0,326
254.19,1,2,0,244
253.08,1,4,0,791
252.49,1,5,0,2607
252.21,1,6,0,5685
251.51,1,7,0,6986
252.97,1,8,0,6250
258.84,20,11,0,4654
260.22,20,12,0,5044
260.53,1,13,0,5206
262.02,57,14,0,5484
264.1,57,15,0,6103
263.7,1,16,0,6619
263.51,90,17,0,6148
262.95,90,18,0,4707
262.2,90,19,0,3431
261.15,90,20,0,3030
260.55,90,21,0,2695
259.95,90,22,0,2049
259.62,1,23,0,1196
259.06,81,0,0,682
258.25,75,1,0,373
257.63,75,2,0,309
258.18,75,3,0,406
257.73,1,4,0,861
257.3,70,5,0,2358
258.27,1,6,0,4068
258.13,40,7,0,3675
258.12,75,8,0,3310
260.19,75,9,0,3870
262.06,75,10,0,3479
263.69,75,11,0,3541
265.24,75,12,0,4132
266.07,75,13,0,4476
266.69,90,14,0,4913
266.69,90,15,0,5254
266.83,90,16,0,5830
266.95,90,17,0,5433
266.9,90,18,0,4421
266.85,90,19,0,3254
266.99,90,20,0,2759
266.99,90,21,0,2566
267.16,90,22,0,2203
267.08,90,23,0,1559
266.99,90,0,1,1059
266.94,90,1,1,829
266.84,90,2,1,545
266.84,90,2,1,545
266.42,90,3,1,367
266.42,90,3,1,367
266.42,90,3,1,367
266.37,90,4,1,387
266.37,90,4,1,387
266.37,90,4,1,387
266.37,90,4,1,387
266.63,90,5,1,664
266.63,90,5,1,664
266.63,90,5,1,664
266.63,90,6,1,1188
266.63,90,6,1,1188
266.63,90,7,1,1943
266.63,90,7,1,1943
266.63,90,8,1,2976
266.63,90,8,1,2976
266.63,90,8,1,2976
266.63,90,8,1,2976
267.23,90,9,1,3524
267.23,90,9,1,3524
268.07,90,10,1,3890
268.07,90,10,1,3890
269.13,90,11,1,4212
269.74,90,12,1,4600
269.95,97,13,1,4455
270.36,90,14,1,4776
270.3,90,15,1,4492
270.0,90,16,1,4588
269.65,90,17,1,4725
269.31,90,18,1,4301
269.23,90,19,1,3394
268.76,90,20,1,2782
268.43,90,21,1,2929
268.01,90,22,1,2441
266.96,90,23,1,1799
266.87,90,0,1,1093
266.35,90,1,1,785
266.74,90,2,1,612
266.56,90,3,1,368
266.51,90,4,1,252
266.81,90,5,1,454
266.81,90,5,1,454
266.8,90,6,1,696
266.8,90,6,1,696
266.8,90,7,1,996
266.8,90,7,1,996
267.12,90,8,1,1633
267.12,90,8,1,1633
267.79,90,9,1,2341
268.82,90,10,1,3229
270.03,90,11,1,3488
270.03,90,11,1,3488
271.01,90,12,1,3873
271.44,90,13,1,4204
271.54,75,14,1,4277
271.47,75,15,1,4073
271.23,75,16,1,4473
270.62,75,17,1,3845
269.02,75,18,1,3509
267.95,90,19,1,2693
267.49,90,20,1,2191
267.2,90,21,1,1837
266.09,75,22,1,1289
265.72,90,23,1,1056
264.4,90,0,0,472
263.42,40,1,0,260
263.42,40,1,0,260
262.5,75,2,0,229
262.43,90,3,0,291
262.43,90,3,0,291
261.73,90,4,0,778
261.44,40,5,0,2459
261.44,40,5,0,2459
261.44,40,5,0,2459
261.44,40,5,0,2459
259.4,20,6,0,5615
259.4,20,6,0,5615
259.4,20,6,0,5615
259.36,20,7,0,6920
266.09,90,10,0,4232
266.09,90,10,0,4232
268.76,90,11,0,4271
268.76,90,11,0,4271
271.5,90,12,0,4734
273.43,90,14,0,5108
273.78,75,15,0,5535
273.43,75,16,0,6374
272.71,75,17,0,5941
271.03,40,18,0,4384
269.29,20,19,0,2940
268.38,40,20,0,2545
267.49,40,21,0,2079
266.57,20,22,0,1457
266.03,90,23,0,910
266.03,90,23,0,910
266.66,90,0,0,495
268.17,90,1,0,293
268.31,90,2,0,229
268.56,90,3,0,298
268.77,90,4,0,808
268.39,90,5,0,2572
268.7,90,6,0,5886
268.97,90,8,0,6219
268.97,90,8,0,6219
269.92,90,9,0,5134
269.92,90,9,0,5134
270.95,90,10,0,4398
271.93,90,11,0,4557
273.08,90,12,0,4791
274.19,90,13,0,4821
274.38,75,14,0,5162
274.46,1,15,0,5948
274.28,20,16,0,6776
273.65,20,17,0,6543
272.43,1,18,0,4564
271.44,1,19,0,3184
268.98,1,20,0,2818
268.98,1,20,0,2818
267.46,1,21,0,3406
267.46,1,21,0,3406
266.32,1,22,0,3111
266.32,1,22,0,3111
265.01,1,23,0,1203
265.08,1,0,0,592
264.05,1,2,0,263
264.05,1,2,0,263
263.9,1,3,0,296
263.9,1,3,0,296
264.15,90,4,0,773
264.15,90,4,0,773
264.0,1,5,0,2604
264.0,1,5,0,2604
264.72,90,6,0,5881
264.72,90,6,0,5881
264.42,40,7,0,7067
264.42,40,7,0,7067
265.16,90,8,0,6128
265.16,90,8,0,6128
267.73,90,9,0,5156
267.73,90,9,0,5156
267.73,90,9,0,5156
269.5,90,10,0,4595
269.5,90,10,0,4595
271.0,90,11,0,4691
271.0,90,11,0,4691
272.63,75,12,0,4965
274.07,40,13,0,4899
274.62,75,14,0,5199
274.6,90,15,0,5763
274.65,75,16,0,6688
274.56,90,17,0,6178
274.1,90,18,0,4580
273.87,90,19,0,3395
274.09,90,20,0,3056
273.39,90,21,0,2642
272.5,90,22,0,1771
272.08,90,23,0,1150
271.61,75,0,0,659
271.39,90,1,0,325
271.3,90,2,0,256
271.22,90,3,0,335
271.21,90,4,0,767
271.18,90,5,0,2579
271.04,90,6,0,5853
270.96,90,7,0,7029
276.25,75,13,0,5242
276.94,75,14,0,5709
276.74,75,15,0,6356
276.08,90,16,0,6721
275.0,90,17,0,6304
273.65,90,18,0,4858
272.48,90,19,0,3677
271.84,90,20,0,3048
271.35,75,21,0,3465
270.79,90,22,0,2191
270.79,90,23,0,1336
270.71,75,0,0,713
270.89,75,1,0,395
271.28,90,2,0,345
271.66,90,3,0,357
271.71,90,4,0,748
271.71,90,5,0,2433
271.52,90,6,0,5452
271.48,90,7,0,6864
271.34,90,8,0,6144
271.1,90,10,0,4861
271.25,90,11,0,5373
271.52,90,12,0,5692
271.75,90,13,0,5626
271.7,90,14,0,5803
271.65,90,15,0,6453
271.28,90,16,0,6570
270.99,90,17,0,6296
270.64,90,18,0,5252
270.15,90,19,0,4210
269.98,90,20,0,3382
269.25,90,21,0,3235
268.75,90,22,0,2689
268.32,90,23,0,1805
268.18,90,0,1,1082
268.09,90,1,1,712
267.99,90,2,1,587
267.99,90,3,1,379
267.6,90,4,1,371
267.9,90,5,1,661
267.95,90,6,1,1269
268.04,90,7,1,2098
268.31,90,8,1,3092
269.21,90,10,1,4397
269.6,90,11,1,4747
269.95,90,12,1,5219
270.46,90,13,1,5190
271.11,75,14,1,4935
271.44,75,15,1,4921
271.53,75,16,1,4754
271.12,40,17,1,4588
269.74,40,18,1,4533
268.65,20,19,1,3440
267.81,20,20,1,2958
266.46,1,21,1,3342
265.56,1,22,1,3961
264.63,1,23,1,2149
262.42,1,1,1,795
261.8,1,2,1,666
260.04,1,4,1,277
259.16,1,5,1,449
258.88,1,6,1,697
258.2,1,7,1,1039
260.09,1,8,1,1827
263.31,1,9,1,2660
265.82,1,10,1,3322
267.92,1,11,1,3688
269.05,1,12,1,4300
270.22,1,13,1,4173
270.88,1,14,1,4348
271.34,20,15,1,4348
271.55,75,16,1,4356
270.99,75,17,1,3882
269.81,40,18,1,3635
269.09,40,19,1,2890
268.96,90,20,1,2453
268.62,75,21,1,3714
268.31,90,22,1,2229
268.16,90,23,1,1051
267.94,90,0,0,511
266.74,75,1,0,316
266.31,40,2,0,256
266.17,90,4,0,797
265.9,75,5,0,2611
265.46,75,7,0,5281
266.21,75,8,0,4318
269.62,40,10,0,3826
270.89,20,11,0,3892
272.76,40,13,0,4197
272.89,75,14,0,4630
273.08,75,15,0,5194
273.21,75,16,0,6235
272.42,75,17,0,5549
271.52,75,18,0,3913
270.95,75,19,0,2617
270.87,75,20,0,2093
270.77,90,21,0,1776
270.59,90,22,0,1343
270.59,90,23,0,2298
270.63,90,1,0,438
270.26,90,2,0,289
269.79,90,3,0,369
270.02,90,4,0,848
269.59,90,5,0,2410
268.85,90,7,0,3865
268.85,90,7,0,3865
268.85,90,7,0,3865
268.85,90,7,0,3865
268.61,90,8,0,3380
268.61,90,8,0,3380
268.79,90,10,0,2935
268.79,90,10,0,2935
269.08,90,11,0,2885
269.46,90,13,0,3296
269.55,90,14,0,3900
269.46,90,16,0,4805
269.31,90,17,0,4520
268.9,90,19,0,2584
268.9,90,19,0,2584
269.0,90,20,0,2176
269.0,90,20,0,2176
268.72,90,22,0,1770
268.72,90,22,0,1770
268.72,90,23,0,994
268.72,90,23,0,994
268.72,90,23,0,994
268.9,100,1,0,353
268.9,90,2,0,266
268.9,90,2,0,266
268.9,90,2,0,266
268.9,90,4,0,792
268.9,90,4,0,792
268.9,90,4,0,792
268.71,90,5,0,2542
268.71,90,5,0,2542
268.71,90,5,0,2542
268.71,90,5,0,2542
268.62,90,7,0,6157
268.62,90,7,0,6157
268.62,90,7,0,6157
271.37,90,14,0,5393
271.37,90,14,0,5393
271.52,90,15,0,5869
271.15,90,16,0,6720
270.76,90,17,0,6271
270.44,75,18,0,4906
269.72,75,19,0,3418
269.42,90,20,0,3072
268.66,90,21,0,2562
268.19,75,22,0,1868
267.69,20,23,0,1335
267.31,90,1,0,359
267.31,90,2,0,295
267.44,90,3,0,327
266.86,90,4,0,782
266.83,90,5,0,2559
266.51,90,7,0,6920
266.9,90,8,0,6104
267.16,90,9,0,5239
269.8,90,13,0,5128
270.49,90,14,0,5452
270.77,20,15,0,6428
268.87,40,18,0,4818
266.28,20,20,0,3328
265.1,1,21,0,2934
264.05,1,22,0,2457
262.97,1,23,0,2621
262.3,1,0,0,811
262.3,1,0,0,811
260.21,20,2,0,357
260.21,20,2,0,357
259.73,40,3,0,352
259.68,75,4,0,722
259.68,75,4,0,722
259.58,40,5,0,2366
259.58,40,5,0,2366
259.58,40,5,0,2366
259.29,40,6,0,5452
259.29,40,6,0,5452
259.29,40,6,0,5452
260.63,75,8,0,5730
262.94,75,9,0,5228
268.07,75,10,0,4867
269.75,75,11,0,5349
270.98,75,12,0,5610
272.29,75,13,0,5441
272.7,75,14,0,5874
272.82,1,15,0,6023
272.37,75,17,0,5836
271.65,1,18,0,4822
270.38,90,19,0,3795
270.12,75,20,0,3302
269.54,1,21,0,3125
268.64,40,22,0,2648
267.96,20,23,0,3173
267.69,1,0,1,1198
267.46,1,1,1,747
266.88,1,2,1,624
266.39,1,3,1,389
266.39,1,3,1,389
265.48,1,6,1,1232
265.48,1,6,1,1232
266.09,1,8,1,2903
268.02,1,9,1,3656
268.02,1,9,1,3656
272.8,40,11,1,4566
275.11,40,13,1,4573
276.16,40,14,1,4776
276.63,75,16,1,4393
276.11,90,17,1,4361
275.66,1,18,1,3997
274.53,1,20,1,2579
274.41,40,21,1,3609
274.62,90,23,1,1755
274.62,90,23,1,1755
274.65,75,0,1,1087
274.02,90,3,1,387
274.02,90,3,1,387
274.02,90,3,1,387
273.88,90,4,1,380
273.88,90,4,1,380
273.88,90,4,1,380
273.88,90,4,1,380
273.98,90,5,1,438
273.98,90,5,1,438
273.98,90,5,1,438
273.98,90,5,1,438
274.19,90,6,1,704
274.19,90,6,1,704
274.19,90,6,1,704
274.66,90,9,1,2177
274.66,90,9,1,2177
274.79,90,10,1,2919
275.28,90,12,1,4072
275.28,90,12,1,4072
275.28,90,12,1,4072
275.35,90,13,1,4112
275.35,90,13,1,4112
275.35,90,13,1,4112
275.63,90,15,1,4230
275.63,90,15,1,4230
275.63,90,15,1,4230
275.63,90,15,1,4230
275.49,90,18,1,3590
275.49,90,18,1,3590
275.49,90,18,1,3590
275.36,90,19,1,2743
275.36,90,19,1,2743
275.36,90,19,1,2743
275.36,90,19,1,2743
274.98,90,21,1,3283
274.98,90,21,1,3283
274.98,90,21,1,3283
274.98,90,21,1,3283
274.83,90,22,1,2462
274.83,90,22,1,2462
274.83,90,22,1,2462
274.67,90,23,1,1070
274.67,90,23,1,1070
274.67,90,23,1,1070
274.74,90,0,0,508
274.74,90,0,0,508
274.74,90,0,0,508
274.74,90,0,0,508
274.59,90,1,0,362
274.59,90,1,0,362
274.59,90,1,0,362
274.59,90,1,0,362
274.38,90,4,0,721
274.16,90,5,0,2338
274.16,90,6,0,5230
274.24,90,7,0,6607
274.16,90,9,0,4750
274.22,90,10,0,4129
274.24,90,12,0,4552
274.17,90,14,0,5054
273.81,90,15,0,5589
273.77,90,16,0,6330
273.29,90,18,0,4182
273.02,90,19,0,3075
272.36,90,21,0,2221
272.38,90,22,0,1717
271.97,90,23,0,997
271.16,90,2,0,258
271.01,90,3,0,321
270.68,90,4,0,755
270.21,90,6,0,5591
269.88,90,9,0,5013
269.91,90,10,0,4352
270.59,90,12,0,4917
270.83,90,13,0,5051
271.48,90,15,0,5702
271.69,90,16,0,6558
271.8,90,18,0,4700
270.27,40,21,0,3356
269.83,75,22,0,3271
268.21,40,0,0,632
267.6,1,1,0,368
267.88,90,4,0,774
267.91,90,7,0,6850
267.67,90,9,0,5201
268.33,75,10,0,4784
269.95,90,12,0,4969
270.28,90,13,0,5188
270.77,90,15,0,5774
271.1,90,16,0,6486
270.54,75,18,0,4628
270.31,90,19,0,3431
269.28,1,21,0,2460
268.69,40,22,0,1753
267.01,1,0,0,658
266.19,1,1,0,331
265.29,1,3,0,340
264.73,1,4,0,771
263.29,1,6,0,4336
262.78,1,7,0,4423
262.35,1,9,0,5615
264.22,1,10,0,4580
268.45,1,12,0,4759
269.68,1,13,0,5083
272.64,20,15,0,5718
272.11,1,18,0,4524
271.18,1,19,0,3461
269.15,1,21,0,3751
268.73,1,22,0,3350
268.64,40,0,0,786
268.84,90,1,0,459
269.11,90,3,0,356
269.05,90,4,0,739
268.68,90,7,0,5664
268.68,90,7,0,5664
268.68,90,7,0,5664
269.42,90,9,0,4631
270.84,75,10,0,4492
274.41,20,12,0,5147
276.85,40,15,0,5803
277.2,90,16,0,6289
277.09,1,18,0,4700
276.16,1,19,0,3358
273.96,1,21,0,2602
273.06,1,22,0,2231
271.9,1,0,1,2372
271.88,1,1,1,815
272.11,90,3,1,410
272.34,40,4,1,369
272.63,90,6,1,1329
272.63,90,6,1,1329
272.72,90,7,1,2224
272.72,90,7,1,2224
272.72,90,7,1,2224
272.87,90,9,1,3570
272.87,90,9,1,3570
272.87,90,9,1,3570
272.87,90,9,1,3570
273.11,90,10,1,4108
273.11,90,10,1,4108
273.11,90,10,1,4108
273.46,90,12,1,4815
273.46,90,12,1,4815
273.79,90,13,1,5155
273.79,90,13,1,5155
273.96,90,15,1,4905
273.99,90,16,1,4969
273.28,90,18,1,4386
272.4,90,19,1,3572
272.4,90,19,1,3572
272.4,90,19,1,3572
270.88,90,21,1,3620
270.88,90,21,1,3620
270.26,90,22,1,2919
270.26,90,22,1,2919
268.95,90,0,1,1579
268.49,97,1,1,1049
267.5,90,3,1,402
266.9,90,4,1,308
266.23,90,6,1,687
265.6,1,7,1,970
265.97,1,10,1,3371
267.89,20,12,1,4238
268.52,75,13,1,4319
269.37,1,16,1,4272
268.61,1,18,1,3543
267.72,1,19,1,2880
265.36,1,21,1,2206
264.53,1,22,1,1729
262.65,1,0,0,593
260.54,1,3,0,308
260.15,1,4,0,822
259.24,1,6,0,3992
260.0,1,9,0,3804
262.06,1,10,0,2946
267.11,90,13,0,3803
269.48,90,15,0,4922
270.02,75,16,0,5339
270.24,75,18,0,3699
270.09,90,19,0,2661
269.69,90,21,0,1966
269.78,90,22,0,1346
270.08,90,0,0,494
270.37,90,1,0,317
270.89,90,3,0,320
270.93,90,4,0,734
270.4,90,6,0,5496
270.4,90,6,0,5496
270.4,90,6,0,5496
270.4,90,6,0,5496
270.45,90,7,0,6574
270.45,90,7,0,6574
270.45,90,7,0,6574
270.45,90,7,0,6574
270.8,90,9,0,5005
270.8,90,9,0,5005
270.8,90,9,0,5005
270.32,90,10,0,4304
270.32,90,10,0,4304
270.32,90,10,0,4304
267.84,90,12,0,4755
267.84,90,12,0,4755
267.28,90,13,0,4802
266.3,90,15,0,5862
265.93,75,16,0,6416
265.14,90,18,0,4438
264.7,90,19,0,3463
263.68,90,21,0,2730
263.34,90,22,0,2212
262.72,90,23,0,2676
262.33,90,0,0,685
261.65,1,1,0,472
260.96,20,2,0,282
260.41,20,3,0,351
259.85,1,6,0,5067
259.33,1,7,0,6761
259.22,1,8,0,6010
259.84,1,9,0,5266
261.04,1,10,0,4438
262.44,1,11,0,4728
264.03,1,12,0,4814
265.33,1,13,0,4906
266.35,1,14,0,5470
267.39,1,15,0,5786
267.65,1,16,0,6608
267.42,75,17,0,6068
266.9,1,18,0,4529
265.87,1,19,0,3444
264.48,1,20,0,3080
263.29,1,21,0,2660
262.15,1,22,0,1727
261.42,1,23,0,1013
260.94,1,0,0,595
260.35,1,1,0,357
259.98,1,2,0,282
259.6,1,3,0,306
259.27,1,4,0,744
259.04,1,5,0,2581
258.68,1,6,0,5568
258.3,1,7,0,6847
258.33,1,8,0,6005
259.22,1,9,0,5023
261.0,1,10,0,4433
262.36,1,11,0,4949
263.64,1,12,0,5122
264.79,1,13,0,5211
265.97,1,14,0,5581
266.4,1,15,0,5836
266.77,1,16,0,6466
267.07,1,17,0,6246
266.89,1,18,0,4747
266.02,20,19,0,3553
264.84,1,20,0,3272
263.87,1,21,0,3066
263.0,1,22,0,3474
262.11,1,23,0,1432
261.31,1,0,0,789
260.66,1,1,0,435
259.8,1,2,0,374
259.39,1,3,0,360
258.59,1,4,0,673
258.12,1,5,0,2357
257.54,1,6,0,5183
257.0,1,7,0,6399
257.11,1,8,0,5560
259.24,1,9,0,4730
261.56,1,10,0,4814
264.66,1,11,0,5241
266.63,1,12,0,5460
267.64,1,13,0,5418
268.73,1,14,0,5807
269.62,1,15,0,5954
270.04,5,16,0,6497
270.29,1,17,0,6059
270.15,1,18,0,4762
269.53,1,19,0,3718
268.3,1,20,0,3123
267.03,1,21,0,4233
265.59,1,22,0,3226
264.41,1,23,0,1887
263.61,1,0,1,1266
263.01,1,1,1,798
262.56,1,2,1,580
262.16,1,3,1,436
261.18,1,4,1,394
261.08,1,5,1,734
260.22,1,6,1,1191
260.0,1,7,1,2004
259.96,1,8,1,2918
261.75,1,9,1,3763
264.87,1,10,1,4081
268.48,1,11,1,4531
270.91,1,12,1,4999
272.83,5,13,1,5000
273.81,1,14,1,4740
274.39,1,15,1,5505
274.75,1,16,1,6264
274.83,1,17,1,4678
274.49,1,18,1,4229
273.23,1,19,1,3613
271.87,75,20,1,3030
271.05,1,21,1,3386
270.48,1,22,1,4260
269.99,1,23,1,2077
269.72,1,0,1,1297
269.38,1,1,1,875
268.93,1,2,1,647
268.13,1,3,1,361
266.82,1,4,1,277
266.14,1,5,1,464
265.49,1,6,1,738
264.53,1,7,1,1180
264.35,1,8,1,1774
266.2,1,9,1,2742
